time,CAN-YXX,USA-ABS,GBR-ABD,USA-ABW,CIV-ABJ,USA-ABI,ARE-AUH,NGA-ABV,MEX-ACA,GHA-ACC,USA-ADA,ETH-ADD,AUS-ADL,USA-ADR,MAR-AGA,PRI-BQN,MEX-AGU,IND-AMD,USA-ALA,USA-ALG,USA-ALN,USA-ABO,USA-ABL,USA-ALV,USA-ABU,USA-AEL,USA-AEM,DZA-ALG,ESP-ALC,USA-ALI,USA-ALL,USA-ALM,KAZ-ALA,USA-ALP,USA-ALO,USA-ATU,USA-AMA,USA-AMR,USA-AMS,JOR-AMM,IND-ATQ,NLD-AMS,USA-ANC,USA-AND,VGB-AGD,USA-ANG,AIA-AXA,TUR-ESB,USA-ANN,TUR-AYT,MDG-TNR,ATG-ANU,USA-APP,USA-ARC,USA-ARD,USA-ARK,ABW-AUA,USA-ASE,TKM-ASB,USA-ASL,ERI-ASM,USA-AST,ESP-OVD,PRY-ASU,USA-ATG,GRC-ATH,USA-ATO,USA-ATL,USA-ATA,NZL-AKL,USA-AUG,USA-AGM,USA-AUM,USA-AUT,PHL-BAC,IRQ-BGW,BHR-BAH,MEX-BAJ,USA-BAK,AZE-GYD,ESP-BAL,IDN-BPN,MLI-BKO,BRN-BWN,IND-BAN,THA-BKK,USA-BAN,CAF-BGF,GMB-BJL,ESP-BCN,ITA-BRI,USA-BAS,COL-BAQ,USA-BAR,CAN-BAR,CHE-BSL,CHE-BAS,USA-BAE,GBR-BAT,USA-BAO,USA-BAT,USA-BET,USA-BEU,USA-BEC,USA-BED,USA-BEE,CHN-PEK,LBN-BEY,GBR-BFS,SRB-BEG,USA-BLE,CAN-BEL,USA-BLI,BRA-CNF,USA-BEM,USA-BND,IND-BLU,USA-BNE,USA-BNI,NOR-BGO,DEU-BER,USA-BER,CHE-BRN,IND-BHU,PHL-BIC,USA-BGR,USA-BIS,ESP-BIO,USA-BIL,DNK-BLL,USA-BIN,USA-BIR,GBR-BHX,KGZ-FRU,USA-BIH,USA-BIM,USA-BLA,USA-BLL,USA-BLN,USA-BLS,USA-BLU,USA-BLY,COL-BOG,USA-BOI,ITA-BLQ,ANT-BON,USA-BOO,FRA-BOD,USA-BOR,SOM-BSA,USA-BOS,GBR-BOH,USA-BOW,USA-BOZ,USA-BRD,USA-BRI,USA-BRN,CAN-BRA,BRA-BSB,SVK-BTS,COD-BZV,DEU-BRE,USA-BRE,BRB-BGI,GBR-BRI,AUS-BNE,GBR-BRS,FRA-BRI,USA-BRH,USA-BRO,USA-BRS,USA-BON,USA-BRX,USA-BRW,USA-BRU,BEL-BRU,ROU-BUH,HUN-BUD,ARG-BUE,USA-BUF,BDI-BJM,USA-BUE,USA-BUI,USA-BUV,KOR-PUS,USA-BUT,USA-CAD,ESP-CAD,PHL-CAG,AUS-CNS,EGY-CAI,CAN-YYC,USA-CAL,COL-CLO,USA-CAM,USA-CMO,GBR-CAM,USA-CMD,USA-CAP,ESP-CAN,AUS-CAN,MEX-CUN,USA-CAO,USA-CAT,USA-CAC,USA-CAG,ZAF-CPT,VEN-CCS,USA-CRB,GBR-CWL,CAN-CAR,USA-CRL,USA-CSO,COL-CTG,MAR-MAR,USA-CAS,ITA-CTA,GUF-CAY,PHL-CEB,USA-CEC,USA-CER,USA-CEL,USA-CNC,USA-CEI,USA-CEW,USA-CHB,USA-CHP,IND-CHA,USA-CAI,USA-CRS,USA-CHW,USA-CTN,USA-CHS,CAN-YYG,CAN-CHA,USA-CHT,CHN-CTU,IND-MAA,USA-CHE,THA-CNX,USA-CHI,USA-CHC,MEX-CHI,MDA-KIV,CHN-CHO,NZL-CHC,USA-CIN,MEX-CIU,USA-CAE,USA-CKD,USA-CAV,USA-CLA,USA-CLV,USA-CLE,USA-CLW,USA-CLI,USA-CLO,ROU-CLJ,USA-COE,USA-COF,USA-CLD,USA-COL,DEU-CGN,LKA-CMB,USA-COO,USA-CIM,USA-CLS,USA-COG,USA-CSM,USA-CLN,USA-CUO,CAN-YQQ,GIN-CKY,USA-CON,USA-COK,USA-CSB,DNK-CPH,USA-COB,USA-CRD,ARG-COR,USA-COI,IRL-ORK,USA-CRE,USA-CNI,CAN-COR,USA-COP,USA-CSI,USA-COS,BEN-COO,GBR-COV,MEX-CZM,USA-CRC,USA-CRT,USA-CRO,MEX-CUL,USA-CUM,ANT-CUR,BRA-CWB,PER-CUZ,SEN-DKR,TUR-DLM,CHN-DLC,USA-DAL,USA-DAT,SYR-DAM,SAU-DMM,USA-DAI,USA-DAK,USA-DNV,TZA-DAR,AUS-DAR,PHL-DAV,PHL-DVO,USA-DAV,USA-DAY,USA-DEC,USA-DEF,IND-DEL,USA-DEL,USA-DEM,IDN-DPS,USA-DEN,GBR-DER,USA-DES,USA-DET,GBR-DEV,BGD-DAC,USA-DIC,TLS-DIL,USA-DIL,USA-DIX,USA-DOD,QAT-DOH,GBR-DSA,DEU-DTM,USA-DOT,CMR-DLA,USA-DOU,USA-DOV,DEU-DRS,ARE-DXB,USA-DBL,IRL-DUB,USA-DUO,USA-DUU,DEU-DUS,USA-DUL,USA-DUM,USA-DUN,GBR-DUN,NZL-DUD,USA-DUG,USA-DUT,ZAF-DUR,TJK-DYU,USA-DYE,MYT-DZO,USA-EAG,GBR-EAA,GBR-EAM,USA-EAO,USA-EAS,USA-EAU,GBR-EDI,CAN-YEG,USA-EDW,USA-EFF,ARG-FTE,USA-ELA,USA-ELE,USA-ELD,USA-ELI,USA-ELC,USA-ELO,USA-ELL,USA-ELM,USA-ELP,USA-EMP,USA-ENI,UGA-EBB,USA-ERI,USA-ESC,DEU-ESS,GBR-ESS,USA-EUF,USA-EUG,USA-EUR,USA-EVT,USA-EVV,GBR-EXT,USA-FAB,USA-FIM,USA-FAW,USA-FAL,USA-FAG,USA-FAM,PRT-FAO,USA-FAA,USA-FAN,USA-FER,USA-FIN,USA-FIT,USA-FLA,USA-FOA,ITA-FLR,USA-FLS,BRA-FLN,USA-FON,USA-FOE,USA-FOR,BRA-FOR,USA-FOC,MTQ-FDF,USA-FOD,USA-FOL,USA-FMA,CAN-YMM,USA-FRR,USA-FPA,USA-FPO,USA-FOS,USA-FOW,DEU-FRM,DEU-FRA,CAN-FRA,USA-FRD,CAN-YFC,BHS-FPO,SLE-FNA,USA-FRS,ESP-FUE,JPN-FUK,BWA-GBE,USA-GAD,USA-GAI,USA-GAE,USA-GAL,IRL-GWY,USA-GAR,PSE-PAL,POL-GDN,CHE-GVA,ITA-GOA,ZAF-GRJ,GUY-GTN,USA-GIL,USA-GLA,GBR-GLA,IND-GOI,AUS-GOL,USA-GOL,SWE-GOT,ESP-GRX,CYM-GCM,CAN-YQU,USA-GAF,USA-GRI,USA-GRJ,USA-GRR,USA-GRN,USA-GRP,USA-GAB,USA-GEF,USA-GEB,USA-GRE,USA-GSO,USA-GRU,USA-GEM,USA-GNN,USA-GES,USA-GRM,USA-GRS,USA-GEN,FRA-GNB,MEX-GDL,MEX-GUA,CHN-GAN,ECU-GYE,CAN-GUE,CHN-KWL,USA-GUL,USA-GUY,USA-HAG,ISR-HAI,CAN-YHZ,DEU-HAM,CAN-YHM,NZL-HLZ,USA-HAM,GBR-HAM,USA-HAF,CHN-HGH,CHN-HAN,USA-HAN,DEU-HAJ,VNM-HAN,ZWE-HRE,USA-HAI,USA-HAP,USA-HAA,USA-HAB,USA-HRT,USA-HAS,USA-HAT,CUB-HAV,USA-HAV,USA-HAY,DEU-HEI,USA-HEL,FIN-HEL,USA-HEN,GRC-HER,USA-HER,MEX-HMO,USA-HIC,USA-HIO,USA-HIT,JPN-HIR,USA-HOB,VNM-SGN,USA-HOM,CHN-HKG,USA-HON,USA-HOO,USA-HOP,USA-HOT,USA-HOG,USA-HUM,USA-HOU,MEX-HUX,GBR-HUY,USA-HUD,USA-HNT,USA-HUS,EGY-HRG,USA-HUR,USA-HUT,IND-HYD,IND-HYE,ESP-IBZ,USA-IDA,PHL-ILO,IRN-IKA,USA-INA,USA-IDO,USA-INO,IND-IND,GBR-INV,USA-IOW,USA-IRO,PAK-ISB,GBR-IOM,TUR-IST,USA-ITH,MEX-ZIH,USA-JMI,USA-JCS,USA-JAT,USA-JAF,USA-JAI,USA-JCN,USA-JCW,IND-JAI,IDN-JKT,USA-JAD,USA-JAY,USA-JAN,USA-JAS,SAU-JED,USA-JEF,ESP-XRY,GBR-JER,ISR-JER,USA-JES,ZAF-JNB,USA-JOO,USA-JOT,USA-JON,USA-JOP,VGB-JVD,USA-JUN,AFG-KBL,USA-KAH,DEU-KAI,USA-KAA,USA-KAI,CAN-YKA,USA-KAN,TWN-KHH,USA-KAP,PAK-KHI,NPL-KTM,POL-KTW,USA-KEA,USA-KEE,CAN-YLW,USA-KNT,USA-KEW,GBR-KEN,IND-KER,USA-KER,USA-KET,USA-KEY,SDN-KRT,UKR-KBP,RWA-KGL,TZA-JRO,USA-KID,USA-KIE,CAN-YGK,JAM-KIN,COD-FIH,USA-KIN,USA-KIR,CAN-YKF,USA-KLA,USA-KNO,IND-COK,USA-KOD,USA-KOK,IND-CCU,CAN-KOO,THA-USM,MYS-BKI,IND-CCJ,THA-KBV,POL-KRK,MYS-KUL,CHN-KMG,USA-LAC,USA-LFI,USA-LFL,NGA-LOS,USA-LAG,PAK-LHE,USA-LKH,USA-LAI,USA-LAH,USA-LAL,USA-LAM,USA-LAA,USA-LNS,ESP-ACE,BOL-LPB,MEX-LAP,USA-LRA,USA-LRE,CYP-LCA,DOM-LRM,USA-LSC,ESP-LPA,USA-LAV,USA-LAS,USA-LAU,CHE-LAU,USA-LAB,USA-LAK,USA-LAT,USA-LEB,GBR-LBA,DEU-LEI,DEU-LEJ,MEX-BJX,CAN-LET,USA-LWB,USA-LEN,USA-LEW,USA-LEK,USA-LXN,CHN-LXA,USA-LIB,GAB-LBV,FRA-LIL,MWI-LLW,USA-LIM,PER-LIM,USA-LII,USA-LIN,PRT-LIS,USA-LIT,GBR-LPL,SVN-LJU,USA-LGS,USA-LGU,FRA-LOI,TGO-LFW,CAN-YXU,GBR-LON,USA-LOT,USA-LOW,SJM-LYR,USA-LOS,USA-LAX,USA-LOU,AGO-LAD,USA-LUB,USA-LUF,USA-LUM,ZMB-LUN,EGY-LXR,USA-LYN,FRA-LYS,USA-MAM,USA-MCN,PRT-FNC,USA-MAI,USA-MAV,USA-MAW,ESP-MAD,USA-MAG,SYC-SEZ,GNQ-SSG,ESP-AGP,MDV-MLE,USA-MAL,BRA-MAO,GBR-MAN,USA-MAH,PHL-MNL,USA-MNI,USA-MAK,USA-MNS,MEX-ZLO,SWZ-MTS,MOZ-MPM,USA-MAB,USA-MRN,USA-MIL,USA-MAN,USA-MAQ,MAR-RAK,FRA-MRS,USA-MSN,USA-MAO,USA-MRT,USA-MAF,BHS-MHH,USA-MAT,USA-MRY,LSO-MSU,USA-MAS,MUS-MRU,PRI-MYZ,USA-MAY,MEX-MZT,USA-MCE,USA-MCL,USA-MCC,USA-MCM,USA-MCP,USA-MEA,COL-MDE,USA-MED,CAN-MED,AUS-MEL,USA-MEM,ARG-MEN,USA-MEC,MEX-MID,USA-MEI,EGY-MUH,MEX-MXC,USA-MEX,USA-MIA,USA-MIM,USA-MID,USA-MDM,USA-MDT,ITA-MIL,USA-MLL,USA-MIW,USA-MIN,USA-MIO,BLR-MSQ,USA-MIS,USA-MIT,USA-MBE,USA-MOI,USA-MOD,KEN-MBA,CAN-YQM,USA-MNL,USA-MOW,LBR-ROB,MCO-MON,JAM-MBJ,MEX-MTY,URY-MVD,USA-MOG,FRA-MPL,CAN-YUL,USA-MOR,USA-MRE,MEX-MLM,USA-MRC,USA-MOT,COM-HAH,USA-MOC,RUS-MOW,USA-MSE,USA-MOL,USA-MOA,USA-MUI,FLK-MPN,USA-MOM,USA-MUT,USA-MOV,DEU-FMO,IND-BOM,USA-MUN,DEU-MUC,ESP-MJV,USA-MUR,USA-MUC,OMN-MCT,USA-MUK,USA-MYR,USA-NAC,JPN-NGO,KEN-NBO,CAN-NAN,CHN-NKG,FRA-NTE,USA-NAP,ITA-NAP,USA-NAS,BHS-NAS,USA-NAE,USA-NAI,TCD-NDJ,USA-NEB,GBR-NCL,USA-NEO,USA-NEP,USA-NEU,USA-NYM,CAN-NIA,NER-NIM,FRA-NCE,USA-NIL,USA-NOG,USA-NOF,FRA-NOR,USA-NOP,USA-NOW,USA-NOA,USA-NOI,GBR-NWI,GBR-EMA,MRT-NKC,DEU-NUE,GRL-GOH,MEX-OAX,USA-OCA,USA-OCE,UKR-ODS,USA-OGD,USA-OIL,USA-OKE,JPN-OKA,USA-OKL,USA-OMA,USA-ONE,USA-ONT,USA-ORA,USA-ORL,JPN-OSA,USA-OSK,NOR-OSL,CAN-YOW,USA-OTA,USA-OTU,BFA-OUA,USA-OWA,USA-OWE,CAN-OWE,USA-OXF,GBR-OXF,USA-PAD,USA-PAA,ITA-PMO,USA-PAE,ESP-PMI,USA-PLM,NZL-PMR,PHL-PAM,USA-PAM,USA-PAN,SUR-PBM,FRA-PAR,USA-PRN,USA-PAX,USA-PAK,BTN-PBH,USA-PAS,USA-PAY,USA-PEC,MYS-PEN,USA-PED,USA-PES,USA-PEO,COL-PEI,AUS-PER,ITA-PER,CAN-PET,USA-PHI,KHM-PNH,USA-PHX,USA-PHO,THA-HKT,USA-PIC,USA-PIE,ITA-PSA,USA-PIT,USA-PIB,USA-PIF,USA-PLI,USA-PLE,USA-PLS,USA-POC,MNE-TGD,GLP-PTP,USA-POI,USA-PNC,PRI-PSE,USA-PNT,USA-POP,USA-POA,HTI-PAP,ZAF-PLZ,USA-POL,USA-POR,BRA-POA,TTO-POS,PRT-OPO,USA-POM,USA-PTT,USA-POT,POL-POZ,CZE-PRG,USA-PRE,ZAF-PRE,USA-PRI,CAN-YXS,SRB-PRN,TCA-PLS,USA-PRO,MEX-PBC,USA-PUE,ARG-IGR,DOM-POP,MEX-PVR,USA-PUL,IND-PNQ,CHL-PUQ,DOM-PUJ,PRK-FNJ,CHN-TAO,CAN-YQB,MEX-QRO,USA-QUI,ECU-UIO,MAR-RBA,USA-RAL,USA-RAP,BRA-REC,USA-REB,CAN-RED,USA-RED,CAN-YQR,USA-REN,USA-REX,ISL-REK,GRC-RHO,USA-RII,USA-RCV,LVA-RIX,BRA-RIO,USA-RIO,USA-RIV,SAU-RUH,USA-ROR,USA-ROV,USA-RCM,USA-RON,USA-ROF,USA-ROI,USA-RCL,USA-ROS,USA-ROY,USA-ROL,USA-ROM,ITA-ROM,USA-ROE,USA-ROW,NZL-ROT,NLD-RTM,USA-RUI,USA-RUS,USA-RST,USA-RUT,USA-SAC,USA-SAF,USA-SAG,CAN-SAG,REU-RUN,CAN-YSJ,CAN-YYT,RUS-LED,CPV-SID,USA-SAE,USA-SAK,USA-SLS,USA-SAS,USA-SLT,BRA-SSA,YEM-SAH,USA-SAT,USA-SAN,USA-SAD,USA-SNF,USA-SFO,MEX-SJD,CRI-SJO,PRI-SJU,USA-SAL,USA-SAB,BOL-VVI,USA-STF,CHL-SCL,ESP-SCQ,DOM-STI,DOM-SDQ,CHN-SYX,BRA-SAO,JPN-SAP,BIH-SJJ,USA-SAR,ITA-SAR,CAN-SAR,CAN-YXE,USA-SAU,CAN-SAU,USA-SAV,USA-SAY,USA-SCL,USA-SCO,USA-SCR,USA-SEF,USA-SEA,USA-SEB,USA-SED,USA-SEL,JPN-SEN,KOR-SEL,ESP-SVQ,USA-SEY,CHN-SHA,IRL-SNN,EGY-SSH,USA-SHB,GBR-SHE,USA-SHL,CHN-SHE,CHN-SZX,CAN-SHE,USA-SHI,USA-SHR,ITA-SIC,USA-SID,USA-SIE,USA-SLC,USA-SIT,USA-SIC,USA-SIF,CAN-SKE,MKD-SKP,USA-SNY,BGR-SOF,USA-SOK,USA-SOP,GBR-SOU,USA-SOB,USA-SOE,USA-SPA,USA-SPN,USA-SPI,USA-SPO,USA-SRI,USA-SRA,USA-SRO,USA-STK,USA-SEC,USA-STS,USA-STN,NOR-SVG,USA-STP,USA-SRC,USA-SEI,USA-SEU,USA-STV,USA-STG,USA-STI,USA-STJ,USA-STL,ANT-SXM,USA-SMG,USA-SMP,SWE-STO,USA-STC,USA-SOR,FRA-SXB,USA-STU,DEU-STR,CAN-SUD,USA-SUL,USA-SUM,USA-SUT,USA-SUN,CAN-SUN,IDN-SUB,IND-SUR,USA-SUS,USA-SWE,AUS-SYD,CAN-YQY,USA-SYR,USA-TAH,TWN-TPE,USA-TAD,USA-TLH,EST-TLL,USA-TAU,USA-TPA,MAR-TNG,USA-TAO,UZB-TAK,NZL-TRG,USA-TAY,GEO-TBS,GBR-MME,IRN-THR,ISR-TEL,ISR-TLV,ESP-TFS,USA-TER,CAN-TER,USA-TEX,USA-THE,GRC-SKG,IND-TRV,USA-THO,CAN-YQT,USA-TIF,MEX-TIJ,ROU-TSR,ALB-TIA,TTO-TAB,USA-TOC,JPN-TYO,USA-TOL,USA-TOP,ITA-TOR,CAN-YYZ,VGB-TOR,FRA-TLS,USA-TRA,ITA-TRS,LBY-TIP,CAN-TRO,USA-TRO,USA-TUC,USA-TUL,USA-TLS,TUN-TNS,USA-TUP,ITA-TRN,USA-TUS,USA-TWI,USA-TYL,USA-UKI,MNG-ULN,USA-UNI,ARG-USH,USA-UTI,USA-UVA,IND-BDQ,LIE-VAD,USA-VAL,ESP-VLC,CAN-YVR,ITA-VCE,MEX-VER,USA-VEA,USA-VEO,ITA-VRN,USA-VIK,CAN-YYJ,USA-VIT,USA-VID,AUT-VIE,LAO-VTE,ESP-VGO,LTU-VNO,USA-VIN,VGB-VIG,USA-VIR,USA-VIS,USA-WAB,USA-WAC,USA-WAL,USA-WAT,USA-WAR,USA-WRS,POL-WAW,USA-WAS,USA-WAI,USA-WAN,USA-WTL,USA-WTN,USA-WTS,USA-WAW,USA-WUC,USA-WUS,USA-WAY,USA-WEA,NZL-WLG,USA-WEN,USA-WEH,USA-WEP,USA-WHE,CAN-WHI,CAN-YXY,USA-WHI,USA-WIF,USA-WIK,USA-WIA,USA-WLS,USA-WLM,USA-WIM,USA-WIS,NAM-WDH,CAN-YQG,CAN-YWG,USA-WIN,AUS-WOL,USA-WOD,USA-WOS,USA-WOR,POL-WRO,CHN-WUH,CHN-XMN,CHN-XIY,CHN-XIA,USA-YAK,MMR-RGN,USA-YAN,CAN-YZF,ARM-EVN,USA-YOR,USA-YOU,MEX-YUC,USA-YUM,HRV-ZAG,PHL-ZAM,USA-ZAN,TZA-ZNZ,CHE-ZRH,
Sat May  3 13:42:57 2014,0,1,0,2,0,26,0,0,0,0,0,0,0,3,0,0,0,0,0,0,220,30,5,5,134,1,4,0,0,0,135,4,0,3,12,0,37,0,17,0,0,0,30,0,0,0,0,0,8,0,0,0,51,4,1,0,0,97,0,5,0,0,0,0,23,0,1,582,21,0,26,32,0,386,0,0,0,0,130,0,0,0,0,0,0,0,9,0,0,0,0,41,0,19,0,0,0,7,0,65,14,2,3,0,2,0,0,0,0,0,0,0,32,0,8,65,0,0,13,0,0,0,0,0,0,7,0,0,18,0,77,108,0,0,0,0,18,35,21,1,2,0,0,174,0,0,5,0,0,0,1732,0,5,27,0,3,2,0,0,0,0,0,4,0,0,0,0,0,1,0,0,4,15,0,9,0,0,0,0,205,0,1,4,47,0,3,40,0,0,0,0,0,10,0,3,3,0,0,0,0,0,0,6,58,113,6,0,0,11,0,0,0,26,0,0,3,0,0,0,2,66,0,0,0,4,16,30,0,1,76,6,375,38,0,0,91,0,0,4,0,1410,44,0,0,0,0,232,0,77,0,32,6,0,411,2,12,0,0,65,1,1,30,0,0,143,22,58,19,0,1,276,0,0,0,3,6,0,4,0,0,1,0,6,6,0,19,1,0,0,0,0,3,34,36,0,0,0,0,0,0,0,0,823,8,0,0,0,7,3,0,0,0,0,61,136,22,0,0,0,0,0,495,0,236,640,0,0,0,0,0,1,0,0,0,0,10,0,0,11,0,0,0,0,4,25,0,46,0,1,0,0,2,4,0,0,4,0,0,0,0,17,34,33,0,2,4,0,0,0,1,0,2,0,0,6,9,75,9,0,0,53,4,0,0,0,83,25,0,34,0,7,13,1,8,28,0,0,66,31,1,26,0,4,23,0,4,0,84,0,0,0,77,0,7,1,1,0,0,0,0,26,69,0,0,0,1,0,0,0,132,0,0,0,2,22,0,0,0,0,0,0,0,0,0,0,0,0,0,0,0,31,0,0,0,0,10,3,15,202,0,70,0,7,59,1,250,0,0,1,183,5,1,1,0,0,0,0,0,0,0,19,0,27,0,0,0,0,0,3,0,6,0,0,0,0,0,0,0,135,0,69,182,15,14,0,0,0,0,25,0,1,0,0,0,76,27,14,0,0,0,16,0,97,2,0,1,2,1,429,0,0,0,14,118,0,0,9,0,0,0,10,0,0,13,216,0,0,0,15,5,0,0,0,18,0,13,45,9,277,0,4,2,0,0,0,5,39,2,0,37,0,0,0,0,0,65,8,11,34,0,27,0,23,0,56,26,0,488,0,2,0,0,0,1,8,0,0,57,0,0,3,0,6,0,0,0,0,6,19,0,0,0,2,0,0,18,175,0,0,9,0,0,0,0,0,0,0,0,0,38,24,19,0,0,0,8,7,27,122,0,95,101,0,0,0,0,2,0,0,15,0,3,245,0,0,0,17,4,1,0,0,0,0,0,4,1,0,84,0,0,0,0,0,0,20,0,6,61,0,41,0,0,0,0,0,0,0,0,21,84,0,2,2791,103,0,35,1,0,0,0,45,0,0,37,0,0,1,148,0,0,0,0,0,0,0,0,0,19,0,4,18,16,0,0,0,2,1,1,0,9,0,0,1,0,5,11,0,1,0,0,11,0,0,1,0,0,40,0,0,2,9,0,44,0,0,82,0,8,0,2,0,0,0,565,0,0,21,12,0,0,315,687,0,0,9,0,3,77,93,0,0,3,2,0,0,0,0,0,8,0,0,7,23,0,0,5,0,1,0,2,0,4,0,0,8,0,8,0,0,6,0,0,0,2,0,4,78,6,0,0,0,0,0,43,0,270,0,0,2,0,14,0,90,6,1,2175,0,0,0,4,1,0,0,3,0,5,22,0,0,0,0,0,0,39,0,0,17,1,2,0,214,167,11,1,0,349,0,2,0,0,8,4,0,0,8,0,2,0,0,0,0,1,0,95,0,0,0,14,0,0,2,0,3,0,0,0,0,0,6,80,67,0,0,0,0,656,0,812,5,0,2,0,0,451,4,15,0,16,15,8,0,0,1,3,0,0,2,4,0,0,108,699,0,0,0,7,89,5,0,0,52,0,0,0,0,0,1,0,10,0,0,0,8,0,0,0,0,0,0,0,0,0,0,440,27,0,1,0,63,0,90,1,0,0,3,222,0,0,0,0,0,1,150,49,295,72,0,4,0,11,2,0,0,35,2,0,0,0,0,0,23,581,0,19,0,0,0,0,0,0,103,3,69,7,15,0,0,229,704,16,0,1271,0,0,0,105,105,0,18,0,0,0,0,0,0,0,0,166,0,0,0,0,0,37,2,0,3,60,16,1157,5,2,0,0,0,0,0,0,0,0,42,0,26,0,0,0,0,14,0,0,4,0,0,14,65,0,0,0,0,0,2,0,47,0,0,0,0,106,16,119,160,2,5,2,16,0,0,0,7,0,13,4,5,9,476,0,0,0,0,34,0,0,6,0,0,3,0,6,2,0,0,0,0,0,0,0,160,0,0,0,25,0,0,483,0,4,0,0,1,0,0,0,0,0,0,10,0,4,2,0,0,0,0,0,0,0,0,0,0,0,145,53,0,167,0,0,35,0,0,0,0,168,4,170,0,1,0,3,16,94,7,0,0,0,33,1,0,0,10,0,320,0,0,0,0,0,1,5,1,0,0,0,0,0,0,0,203,30,0,15,2,0,1,4,0,1177,0,0,6,19,0,9,0,36,0,0,0,16,0,3,2,0,0,20,8,132,20,0,2,46,1,0,0,0,3,0,2,16,0,0,0,0,0,0,25,0,0,0,0,157,62,0,2,0,0,8,0,0,
Sun May  4 12:00:05 2014,0,2,0,3,0,20,0,0,0,0,3,0,0,2,0,0,0,0,0,0,139,41,0,2,101,2,0,0,0,0,173,4,0,1,3,3,43,0,8,0,0,0,24,0,0,0,0,0,3,0,0,0,30,0,0,0,0,109,0,3,0,1,0,0,20,0,2,502,24,0,11,37,0,343,0,0,0,0,56,0,0,0,0,0,0,0,6,0,0,0,0,24,0,17,0,0,0,3,0,48,16,5,11,1,5,0,0,0,0,0,0,0,44,0,26,68,0,4,3,0,0,0,0,0,0,3,0,0,18,0,59,111,0,0,0,0,22,8,12,4,0,0,0,118,0,0,7,0,0,0,1621,0,5,24,0,12,4,0,0,0,0,0,0,0,0,0,0,0,0,1,0,0,8,0,5,0,0,0,0,177,0,0,0,37,0,10,47,0,0,0,0,0,31,0,1,0,0,0,0,0,0,0,2,46,96,19,0,0,1,0,0,5,11,0,0,4,0,0,0,2,45,14,0,0,11,10,31,0,4,99,6,307,41,0,0,106,0,0,5,0,1156,34,0,0,0,0,240,0,33,0,17,3,0,399,0,1,2,0,47,0,1,23,0,0,84,16,58,23,0,0,242,0,0,0,3,11,0,0,0,0,3,0,0,10,0,23,0,1,0,0,0,0,22,42,0,1,0,0,0,0,0,0,686,12,0,0,1,7,8,0,0,0,0,52,111,6,2,0,0,0,0,460,0,166,534,0,0,0,0,0,0,0,0,0,0,14,0,0,5,0,0,0,0,2,17,0,49,0,7,0,0,2,0,0,0,1,0,0,0,0,5,19,25,0,2,0,5,0,0,1,0,4,0,0,10,10,57,2,0,0,32,1,0,0,0,72,16,0,32,0,1,1,3,2,39,2,0,85,20,3,12,3,4,14,0,1,0,81,3,0,0,62,0,11,1,4,0,1,1,0,12,70,0,0,0,7,0,0,0,109,0,0,0,2,29,2,0,0,0,0,0,0,0,0,0,0,1,0,0,0,11,0,0,0,0,29,6,14,164,0,15,0,1,74,10,186,0,0,0,153,0,0,0,0,0,0,0,0,0,0,36,0,5,0,0,0,0,0,4,0,3,0,0,1,0,0,0,0,113,0,11,155,2,6,0,0,0,0,10,0,0,0,0,0,45,18,8,0,0,0,19,0,102,0,1,1,1,2,267,0,0,1,12,67,0,0,4,0,0,0,9,0,0,4,193,0,0,0,14,3,0,0,0,27,0,40,22,22,190,0,8,4,0,0,0,13,17,0,0,20,0,0,0,7,0,65,3,8,14,0,0,0,19,0,45,29,0,417,0,5,0,0,0,1,20,0,0,34,0,0,10,0,2,0,0,0,0,9,20,0,0,0,2,4,0,13,173,0,0,14,0,0,0,0,0,0,0,0,0,40,12,35,0,2,0,6,3,21,140,0,74,85,0,0,0,1,7,0,0,14,0,2,194,1,0,3,5,14,2,0,0,0,0,0,0,1,2,77,0,0,0,0,0,0,9,0,16,57,0,51,0,0,0,0,0,0,0,0,6,55,0,0,2392,165,0,20,0,0,0,0,48,0,3,43,0,0,0,139,0,0,0,0,0,0,0,0,0,6,0,3,14,26,0,0,0,4,5,3,2,22,0,0,4,0,4,11,0,0,1,0,9,0,0,0,0,0,48,2,0,2,14,0,53,0,0,108,0,8,0,47,0,0,0,431,0,0,28,5,0,0,278,616,0,0,20,0,10,35,92,0,0,4,7,0,0,0,0,0,0,0,0,6,4,0,0,4,0,4,0,0,0,2,0,0,1,0,2,0,0,9,0,0,0,3,0,4,40,1,0,0,0,0,0,14,0,315,0,0,0,0,20,0,96,12,0,1890,0,0,0,6,4,0,0,8,3,2,30,0,0,0,0,0,0,21,3,0,2,1,2,0,172,124,5,1,0,369,0,8,0,5,2,1,0,2,0,0,0,0,4,2,0,6,0,91,0,0,0,24,0,0,0,1,6,0,0,0,0,0,6,59,43,0,0,0,0,651,0,755,1,0,0,0,0,373,2,5,0,31,5,1,0,0,4,2,0,0,2,4,0,0,125,651,0,0,0,1,84,10,0,0,49,0,0,0,0,0,10,0,18,0,0,0,3,0,0,0,0,0,0,0,0,0,0,329,11,0,1,0,50,0,79,6,0,0,2,177,0,0,0,0,0,2,63,35,265,67,0,3,0,15,11,2,0,19,1,0,0,0,0,0,13,509,0,49,0,0,0,0,0,0,79,0,56,4,5,0,0,212,636,9,1,1221,0,0,0,100,86,0,19,0,0,0,0,0,0,0,0,215,0,0,0,0,0,37,1,0,0,80,13,1171,4,0,0,0,0,0,3,0,0,0,18,0,22,0,0,0,0,30,0,0,10,0,0,15,56,0,0,0,0,0,4,0,44,1,0,0,0,87,25,86,99,0,6,3,0,0,0,0,2,4,7,7,2,14,353,0,3,0,0,40,0,0,8,0,0,3,0,7,7,0,0,0,0,0,0,0,154,0,0,1,23,0,0,444,0,8,0,0,0,0,0,0,0,0,0,10,0,3,20,0,0,2,0,0,0,0,0,0,0,0,74,31,0,191,0,0,16,0,0,0,0,186,1,96,0,9,0,7,4,105,0,0,2,0,28,0,0,0,26,0,392,0,0,0,0,0,2,4,4,0,0,0,0,0,0,0,210,44,0,17,1,0,0,0,0,1144,0,2,6,21,2,20,0,25,0,0,0,13,0,1,4,0,0,11,9,96,24,0,0,43,3,0,0,0,0,0,0,11,0,0,0,0,0,0,30,0,1,0,0,128,73,0,12,0,0,2,0,0,
Mon May  5 12:00:05 2014,0,2,0,7,0,40,0,0,0,0,0,0,0,37,0,0,0,0,1,4,192,26,5,5,81,0,5,0,0,0,151,0,0,1,11,0,35,0,6,0,0,0,20,0,0,2,0,0,7,0,0,0,90,0,1,0,0,122,0,1,0,3,0,0,12,0,4,525,22,0,32,16,3,388,0,0,0,0,62,0,0,0,0,0,0,0,23,0,0,0,0,30,0,9,0,0,0,0,0,54,18,8,1,3,2,1,0,0,0,0,6,0,14,0,1,40,0,1,1,0,0,2,0,0,0,6,0,0,11,0,76,127,0,0,1,2,34,22,22,6,0,0,0,158,0,0,10,0,0,0,1599,0,7,19,0,29,3,0,0,0,0,0,1,0,0,0,0,0,6,0,0,4,14,0,1,0,0,0,0,162,0,0,10,61,0,1,61,0,0,0,0,3,8,0,3,2,0,0,0,0,0,0,16,63,109,12,0,0,6,0,0,2,6,0,0,1,0,0,0,4,78,0,0,2,9,14,22,0,3,106,9,341,34,0,0,106,0,0,4,0,1578,53,0,0,0,0,223,0,37,0,35,6,0,306,0,12,14,0,40,1,0,39,0,0,84,44,70,22,1,6,292,0,0,0,4,3,0,1,0,0,0,0,0,14,0,26,0,0,0,0,0,0,16,16,0,2,0,0,0,0,0,0,646,9,0,0,0,6,2,0,0,0,0,59,139,11,0,0,0,1,0,481,0,163,517,0,0,0,0,1,0,0,0,0,0,31,0,0,0,0,0,1,0,4,34,0,46,0,0,0,0,8,1,0,0,0,0,0,0,0,3,30,27,0,0,2,3,0,0,2,0,2,2,0,3,14,47,11,0,0,24,1,0,0,1,53,13,0,42,0,5,3,3,4,33,4,0,94,25,1,16,0,4,4,0,7,0,63,0,0,0,63,0,5,0,0,0,10,0,1,17,87,0,0,0,1,0,0,0,93,0,0,0,2,34,0,0,0,0,0,0,0,0,0,0,0,2,0,0,0,3,0,0,0,0,12,3,15,216,0,19,0,30,73,3,237,0,0,2,189,3,3,0,0,0,0,0,0,0,0,22,0,26,0,0,0,0,0,1,0,1,0,0,0,0,0,0,1,101,2,20,158,5,7,0,0,0,0,8,0,2,0,0,0,28,20,13,0,2,0,22,0,93,2,0,0,3,0,378,0,0,7,4,99,0,0,4,0,0,0,9,0,0,2,237,0,0,0,28,0,0,0,0,16,0,9,42,26,176,1,5,0,0,0,0,20,29,1,0,30,0,0,0,1,0,59,10,14,39,0,8,0,12,0,61,28,0,444,0,2,0,0,0,3,11,0,0,47,0,0,2,0,4,0,0,0,0,2,35,0,0,0,2,0,0,20,204,0,0,10,0,0,0,0,0,0,0,0,0,15,15,23,0,1,0,4,5,12,91,0,106,84,0,0,0,2,2,0,0,8,0,7,183,4,0,0,18,6,2,0,0,0,0,0,5,4,7,82,0,0,0,0,0,0,8,0,15,62,0,69,0,0,2,0,0,0,0,0,16,20,0,1,2474,168,0,26,0,0,0,0,38,0,0,37,0,0,5,144,0,0,0,0,0,0,1,0,0,11,0,7,15,29,0,0,0,2,8,6,6,5,0,0,1,0,4,8,0,3,0,0,6,0,0,0,0,1,42,0,0,0,5,0,44,0,0,115,0,9,0,10,0,0,1,681,0,0,35,16,0,1,258,665,0,0,20,0,0,44,88,0,0,15,2,0,0,0,0,0,11,0,2,0,9,0,0,2,0,3,0,4,0,3,0,0,4,0,2,0,0,18,0,0,1,2,0,8,53,7,0,0,0,0,0,42,0,366,0,0,0,0,22,0,99,2,3,2026,0,0,0,12,1,0,0,4,0,9,38,0,0,0,0,0,0,32,5,0,10,2,0,0,177,155,9,5,1,326,0,6,0,0,10,2,0,0,2,0,21,0,3,3,0,5,0,99,0,0,1,25,0,0,2,0,5,0,0,0,0,0,8,96,83,0,0,0,0,783,0,792,2,0,4,0,0,299,7,14,0,3,15,3,0,0,4,3,0,0,2,4,0,0,113,675,0,0,0,2,79,17,0,0,52,0,0,0,0,0,0,0,17,0,0,0,5,0,0,0,0,0,0,0,2,0,0,392,21,0,8,0,31,0,94,2,0,0,6,200,0,0,0,0,0,1,74,61,263,51,0,4,0,10,2,5,0,39,10,0,0,0,0,0,21,469,0,36,0,0,0,0,0,0,73,2,64,8,10,0,0,242,635,7,0,1111,0,0,0,97,75,0,23,0,0,0,0,0,0,0,0,194,0,0,0,1,0,45,7,0,0,77,14,919,0,2,0,0,0,0,3,0,0,0,14,0,51,0,0,0,0,17,0,5,13,0,1,8,33,0,0,0,0,1,0,0,48,2,0,1,0,98,23,122,174,0,11,1,5,0,0,0,3,1,13,7,14,18,348,0,1,0,0,61,0,0,4,0,0,1,0,4,3,0,0,0,2,0,0,0,164,4,0,0,37,0,0,333,0,5,0,0,2,0,0,0,0,0,0,12,0,8,0,0,0,2,0,4,0,0,0,0,0,0,106,80,0,161,0,0,22,0,0,0,0,132,3,169,0,12,0,4,13,66,2,0,4,0,53,0,0,0,12,0,254,0,0,0,0,0,7,14,8,2,0,0,0,0,0,0,199,29,3,13,1,2,0,1,0,1035,0,1,20,10,2,4,0,46,0,1,0,28,0,2,0,0,0,22,15,149,30,0,1,50,2,0,0,1,1,0,0,16,2,0,0,0,0,0,31,0,0,0,0,143,73,0,68,0,0,9,0,0,
Tue May  6 12:00:06 2014,0,0,0,4,0,30,0,0,0,0,0,0,0,3,0,0,0,0,0,9,187,34,0,2,105,3,5,0,0,0,118,6,0,0,9,0,35,0,9,0,0,0,16,0,0,1,0,0,5,0,0,0,39,0,1,0,0,91,0,6,0,1,0,0,4,0,4,642,37,0,22,33,0,345,0,0,0,0,49,0,0,0,0,0,0,0,7,0,0,0,0,30,0,9,0,0,0,5,0,39,11,6,3,2,1,0,0,0,0,0,0,0,25,0,3,66,0,1,3,0,0,4,0,0,0,13,0,0,21,0,97,126,0,0,0,1,9,28,22,0,0,0,0,163,0,0,25,0,0,0,1450,0,10,24,0,8,14,0,0,0,0,0,1,0,0,0,0,0,2,2,0,0,4,0,10,0,0,0,0,242,0,0,5,19,0,5,25,0,0,0,0,3,30,0,0,7,0,0,0,0,0,0,10,53,123,11,0,0,3,0,0,0,9,0,0,2,0,0,0,2,51,0,0,0,10,5,15,0,4,96,13,346,51,0,0,124,0,0,6,0,1334,46,0,0,0,0,232,0,52,0,34,3,0,322,1,0,2,0,30,0,1,22,0,0,156,16,70,30,1,0,207,0,0,0,3,7,0,2,0,0,3,0,1,11,0,18,0,0,0,0,0,0,31,13,0,0,0,0,0,0,0,0,787,18,0,0,1,4,1,0,0,0,0,55,131,12,0,0,0,0,0,455,0,126,676,0,0,0,0,0,0,0,0,0,0,19,0,0,9,0,0,1,0,2,18,0,44,0,0,0,0,1,1,0,0,1,0,0,0,0,13,33,39,0,0,3,0,0,0,2,0,0,0,0,9,7,49,7,0,0,31,4,0,0,0,68,14,0,43,0,4,1,2,0,26,11,0,61,31,4,19,1,6,6,0,6,0,74,4,0,0,58,0,4,0,0,0,0,0,0,24,85,0,0,0,0,0,0,0,122,0,0,0,2,33,2,0,0,0,0,0,0,0,0,0,0,0,0,0,0,2,0,0,0,0,13,6,11,237,0,15,0,7,95,9,233,0,0,3,157,5,0,0,0,0,0,0,0,0,0,25,0,29,0,0,0,0,0,3,0,12,0,0,1,0,0,0,0,159,3,40,129,2,21,0,0,3,0,13,0,0,0,0,0,39,23,12,0,0,0,20,0,77,0,0,0,7,0,318,0,0,0,3,117,0,3,2,0,0,0,9,0,0,7,218,0,0,0,11,5,0,0,0,6,0,17,47,12,229,0,4,4,0,0,0,15,18,3,0,24,0,0,0,1,0,53,7,18,35,0,2,0,13,0,31,25,0,451,0,10,0,0,0,2,24,0,0,47,0,0,11,0,5,0,0,0,0,14,23,0,0,0,2,0,0,3,177,0,0,11,0,0,0,0,0,0,0,0,0,19,21,18,0,3,0,5,4,9,148,0,77,94,0,0,0,3,1,0,0,16,0,3,226,6,0,0,30,10,2,0,0,0,0,0,3,0,2,58,0,0,0,0,0,0,12,0,2,47,0,31,0,0,2,1,0,0,0,0,15,28,0,0,2962,186,0,32,0,0,0,0,39,0,0,32,0,0,1,147,0,0,0,0,0,0,1,0,0,12,0,8,29,9,0,0,0,4,1,3,3,26,0,0,1,0,0,14,0,0,2,0,7,0,0,1,0,0,18,0,1,0,12,0,57,0,0,74,0,5,0,7,0,0,0,462,1,0,18,3,0,1,324,650,0,0,13,1,1,57,89,0,0,5,3,0,0,0,0,0,10,0,2,5,2,0,0,10,0,0,0,0,1,2,1,0,13,0,2,0,0,12,0,0,1,1,0,4,50,4,0,0,0,0,0,11,0,340,0,0,0,0,14,0,113,10,2,2214,0,0,0,4,2,0,0,4,1,2,30,0,0,0,0,0,0,42,7,0,11,8,6,0,218,118,9,2,0,365,0,13,0,1,4,1,0,2,2,0,0,0,4,2,0,1,0,111,0,0,1,19,0,0,0,0,1,0,0,0,0,0,3,75,78,0,0,0,0,699,0,637,0,0,2,0,0,367,3,6,0,10,8,3,0,0,0,0,0,0,1,6,0,0,91,591,0,0,0,5,121,13,0,0,34,0,0,0,0,0,4,0,18,0,0,0,3,0,0,0,0,0,0,0,0,0,0,370,22,0,0,0,43,0,91,5,0,0,3,158,0,0,0,0,0,0,83,55,231,74,1,8,0,4,6,2,0,20,0,0,0,1,3,0,19,543,0,48,0,0,0,0,0,0,61,2,54,22,12,0,0,237,693,17,0,1274,0,0,0,74,65,0,23,0,0,0,0,0,0,0,0,192,0,0,0,0,0,45,0,2,3,51,19,1062,3,2,0,0,0,0,1,0,0,0,13,0,27,0,0,0,0,28,0,5,7,0,5,9,73,0,0,1,0,1,0,0,34,7,0,0,0,103,51,119,136,6,10,3,6,0,0,0,6,0,6,11,0,12,390,0,6,0,0,38,0,0,3,0,0,4,1,0,12,0,0,0,5,0,0,0,151,1,0,3,32,0,0,439,0,16,0,0,3,0,0,0,0,0,0,11,0,5,4,0,0,8,0,0,0,0,0,0,0,0,109,41,0,178,0,0,27,0,0,0,0,121,2,136,0,3,0,2,13,56,6,0,2,0,28,0,0,0,6,0,285,0,0,0,0,0,0,4,9,0,0,0,0,0,0,0,188,37,2,25,0,0,0,1,0,1036,1,1,13,26,3,21,0,30,2,0,0,25,0,0,3,0,0,11,19,138,36,0,0,49,14,0,0,0,1,0,0,14,2,0,0,0,0,0,31,0,0,0,0,124,47,0,12,0,0,9,0,0,
Wed May  7 12:00:05 2014,0,0,0,1,0,27,0,0,0,0,1,0,0,3,0,0,0,0,0,2,173,27,7,0,101,0,6,0,0,1,152,2,0,1,4,0,41,0,10,0,0,0,23,0,0,0,0,0,4,0,0,0,67,0,0,0,0,119,0,2,0,4,0,0,21,0,3,581,12,0,29,24,3,336,0,0,0,0,55,0,0,0,0,0,0,0,10,0,0,0,0,20,0,4,0,0,0,0,0,67,18,5,2,0,0,0,0,0,0,0,2,0,41,0,11,54,0,0,4,0,0,5,0,0,0,3,0,0,14,0,45,121,0,0,0,0,26,23,16,1,0,0,0,176,0,0,7,0,1,0,1620,0,22,18,0,13,32,0,0,0,0,0,1,0,0,0,0,0,2,1,1,0,7,0,3,0,0,0,0,130,0,0,2,36,0,4,63,0,0,0,0,0,9,0,1,0,0,0,0,0,0,0,3,41,93,6,0,0,8,0,0,7,9,0,0,0,0,0,0,0,51,9,0,0,20,7,27,0,3,83,21,348,37,0,0,98,0,0,6,0,1327,19,0,0,0,0,216,0,51,0,19,3,0,347,2,2,5,0,75,0,1,25,0,0,128,27,87,30,3,4,206,0,0,1,9,3,0,4,0,0,1,0,0,5,0,29,1,2,0,0,0,0,36,15,0,0,0,0,0,0,0,0,714,8,0,0,2,3,6,0,0,0,0,42,94,15,0,0,0,1,0,486,0,205,663,0,0,0,0,1,7,0,0,0,0,21,0,0,6,0,0,0,0,4,17,0,28,0,6,0,0,9,1,0,0,2,0,0,0,0,2,13,31,0,0,9,1,0,1,8,0,3,0,0,2,8,61,10,1,0,16,1,0,0,0,60,37,0,49,0,2,0,2,3,34,9,0,83,27,0,7,0,25,13,0,4,0,69,2,0,0,62,0,8,2,8,0,0,0,0,8,71,0,0,0,1,0,0,0,140,0,0,0,5,33,0,0,0,0,0,0,0,0,0,0,0,2,0,0,0,3,0,0,0,0,31,8,15,202,0,9,0,5,58,5,175,0,0,3,222,0,7,0,0,0,0,0,0,0,0,35,0,20,0,0,0,0,0,1,0,2,0,0,0,0,0,0,0,124,2,21,121,3,5,0,0,0,0,13,0,1,0,0,0,53,16,8,0,0,0,1,0,157,2,0,2,1,0,408,0,0,5,9,85,0,0,0,0,0,0,9,0,0,1,256,0,0,0,28,8,0,0,0,21,0,19,38,6,182,1,7,0,0,0,0,15,36,1,0,27,0,0,0,0,0,97,6,6,26,0,2,0,6,0,27,20,0,522,0,4,0,0,0,1,5,0,0,53,0,0,6,0,4,0,0,0,0,5,25,0,0,0,3,0,0,12,182,0,0,13,0,0,0,0,0,0,0,0,0,22,23,24,0,0,0,2,8,18,115,0,85,96,0,0,0,0,2,0,0,15,0,6,212,2,0,0,31,19,0,0,0,0,0,0,0,3,5,62,1,0,0,0,0,0,19,0,10,55,0,73,0,0,0,1,0,0,0,0,15,28,0,0,2616,180,0,28,0,0,0,0,23,0,0,46,0,0,2,141,0,0,0,0,0,0,0,0,0,9,0,12,16,12,0,0,0,5,4,3,2,13,0,0,0,0,2,9,0,2,1,0,23,0,0,0,0,0,31,0,0,0,0,0,44,0,0,117,0,14,0,16,0,0,0,626,0,0,23,6,0,2,205,592,0,0,22,0,2,51,93,0,0,11,5,0,0,0,0,0,9,0,0,11,13,0,0,3,0,2,0,0,1,1,0,0,3,0,1,0,0,15,0,0,4,2,0,2,61,4,0,0,0,0,0,58,0,450,0,0,0,0,19,0,99,4,4,1943,0,0,0,9,0,1,0,5,0,3,41,0,0,0,0,0,0,27,3,0,3,5,2,0,178,147,8,0,0,441,0,1,0,0,9,4,0,3,3,0,8,0,2,1,0,2,0,107,0,0,1,28,0,0,2,0,3,0,1,0,0,0,5,70,56,0,0,0,0,629,0,831,3,0,0,0,0,318,4,7,0,29,2,2,0,0,0,5,0,1,2,8,0,0,95,695,0,0,0,5,69,3,0,0,65,0,0,0,0,0,1,0,20,0,0,0,3,0,0,0,0,0,0,0,0,0,0,420,17,0,8,0,52,0,86,0,0,0,5,172,0,0,0,0,0,2,116,53,226,63,0,7,0,2,2,6,0,23,0,0,0,0,0,0,25,541,0,42,0,0,0,0,0,0,106,3,55,5,8,0,0,244,640,11,0,1210,0,0,0,92,94,0,22,0,0,0,0,0,0,0,0,193,0,0,0,2,0,29,1,0,1,34,12,1059,4,3,0,0,0,0,0,0,0,0,17,0,38,0,0,0,2,20,0,5,3,0,0,16,33,0,0,0,0,2,1,0,46,3,0,0,0,73,15,88,189,0,12,0,11,0,0,0,0,0,9,7,10,54,421,0,0,1,0,46,1,0,25,0,0,0,0,0,4,0,0,0,1,0,0,0,128,0,0,1,28,0,0,373,0,6,0,0,1,0,0,0,0,0,0,30,0,3,19,0,0,1,0,0,0,0,0,0,0,0,69,59,0,154,0,0,22,0,0,0,0,152,0,123,0,5,0,21,11,54,8,0,2,0,45,1,0,0,6,0,247,0,0,0,0,0,0,7,6,2,0,0,0,0,0,0,223,54,0,30,1,0,0,0,0,1026,0,2,12,25,0,7,3,30,0,0,0,22,0,2,2,0,0,15,24,106,26,0,3,38,5,0,0,0,2,0,0,21,0,0,0,0,0,0,24,0,0,0,0,138,87,0,27,0,0,3,0,0,
Thu May  8 12:00:05 2014,0,2,0,8,0,33,0,0,0,0,0,0,0,3,0,0,0,0,0,2,162,18,2,0,79,2,3,0,0,0,148,1,0,0,8,0,30,0,11,0,0,0,16,0,0,2,0,0,11,0,0,0,38,5,2,0,0,69,0,4,0,1,0,0,18,0,5,439,28,0,11,29,1,267,0,0,0,0,88,0,0,0,0,0,0,0,14,0,0,0,0,23,0,6,0,0,0,4,0,58,16,9,5,4,7,0,0,0,0,0,0,0,23,0,4,45,0,0,8,0,0,1,0,0,0,11,0,0,24,0,85,102,0,0,0,0,14,13,28,0,0,0,0,122,0,0,2,0,0,0,1408,0,7,13,1,16,4,0,0,0,0,0,0,0,0,0,0,0,0,5,0,1,12,0,2,0,0,0,0,144,0,0,4,31,0,4,41,0,0,0,0,3,16,0,3,3,0,0,0,0,0,0,15,61,100,6,0,0,6,0,0,0,21,0,0,1,0,0,0,0,34,0,0,0,8,14,31,0,8,79,13,322,34,0,0,91,0,0,4,0,1314,31,0,0,0,0,234,0,57,0,26,1,0,297,1,11,2,0,27,0,0,16,0,0,83,13,59,21,1,1,279,0,0,0,0,3,0,1,2,0,0,0,1,3,0,20,0,0,0,0,0,0,46,15,0,0,0,0,0,0,0,0,506,12,0,0,0,8,4,0,0,0,0,51,111,4,14,0,0,0,0,430,0,143,588,0,0,0,0,0,0,0,0,0,0,29,0,0,12,0,0,0,0,0,18,0,36,0,0,0,0,0,0,0,0,0,0,0,0,0,0,16,23,0,0,0,3,0,0,6,0,1,0,0,6,5,56,1,2,0,31,0,0,0,0,81,14,2,33,0,3,1,2,0,21,1,0,90,21,0,13,0,5,12,0,3,0,53,0,0,0,69,0,6,2,0,0,0,1,0,9,83,0,0,0,1,0,0,0,103,0,0,0,5,15,0,0,0,0,0,0,0,0,0,0,0,2,0,0,0,11,0,0,0,0,13,4,10,204,0,11,0,9,43,1,208,0,0,1,173,7,2,0,0,0,0,0,0,0,0,43,0,35,0,0,0,4,0,0,0,4,0,0,11,0,0,0,0,78,0,26,157,9,12,0,0,0,0,17,0,0,0,0,0,35,15,19,0,0,0,23,0,66,0,0,2,3,5,378,0,0,2,9,72,0,0,1,0,0,0,11,0,0,3,213,0,0,0,11,0,0,0,0,25,0,85,43,22,173,0,3,0,0,0,0,17,31,0,0,22,0,0,0,1,0,80,2,4,16,0,4,0,22,0,20,7,0,326,0,2,0,0,0,1,21,0,0,33,0,0,2,0,7,0,0,0,0,2,23,0,0,0,2,1,0,13,159,0,0,13,0,0,0,0,0,0,0,0,0,17,14,19,0,0,0,6,5,16,100,0,111,110,0,0,0,1,3,0,0,8,0,2,177,1,0,1,21,5,2,0,0,0,0,0,1,0,0,69,0,0,0,0,0,0,5,0,10,34,0,46,0,0,7,0,0,0,0,0,10,33,0,1,2447,207,0,28,0,8,0,0,36,0,2,44,0,0,0,92,0,0,0,0,0,0,0,0,0,15,0,6,13,11,0,0,0,7,3,1,3,43,0,0,1,0,4,11,0,1,0,0,14,0,0,0,0,0,40,0,1,2,8,0,36,0,0,67,0,18,0,4,0,0,0,431,8,0,29,11,0,0,269,588,0,0,23,0,1,41,49,0,0,10,5,0,0,0,0,0,7,0,0,9,2,0,0,8,0,1,0,5,0,0,0,0,2,0,3,0,0,16,0,0,1,0,0,1,46,1,0,0,0,0,0,26,0,258,0,0,0,0,16,0,66,1,2,1829,0,0,0,19,0,0,0,5,0,5,30,0,0,0,0,0,0,25,5,0,5,2,3,0,158,115,10,2,0,270,0,7,0,0,3,1,0,3,1,0,1,0,6,1,0,3,0,118,0,0,0,11,0,0,2,0,5,0,1,0,0,0,0,79,36,0,0,0,0,729,0,601,2,0,0,0,0,314,3,2,0,15,6,12,0,0,0,1,0,0,2,8,0,0,103,556,0,0,0,7,77,4,0,0,56,0,0,0,0,0,0,0,10,0,0,0,2,0,0,0,0,0,0,0,0,0,0,286,10,0,3,0,56,0,65,2,0,0,10,211,0,0,0,0,0,2,121,40,190,55,3,2,0,4,3,6,0,28,0,0,0,0,0,0,18,428,0,36,0,0,0,0,0,0,61,4,43,9,8,0,0,211,632,19,0,1091,0,0,0,79,63,0,21,0,0,0,0,0,0,0,0,189,0,0,0,0,0,29,2,0,0,69,13,852,4,0,0,0,0,0,0,0,0,0,21,0,38,0,0,0,0,14,0,0,15,0,0,7,68,0,0,0,0,0,0,0,32,10,2,0,1,99,12,106,169,0,14,2,7,0,1,2,2,0,7,7,15,17,342,0,5,0,0,51,0,0,10,0,0,0,3,3,1,0,0,0,9,0,0,0,160,2,0,0,27,0,0,331,0,8,0,0,0,0,0,0,0,0,0,12,0,4,2,0,0,1,0,0,0,0,0,0,0,0,136,66,0,149,0,0,21,0,0,0,0,157,2,111,0,12,0,7,20,73,2,0,2,0,52,0,0,0,10,0,207,0,0,0,0,0,0,1,1,2,0,0,0,0,0,0,226,31,0,12,3,2,0,1,0,809,0,3,11,13,1,8,0,21,1,0,0,19,0,0,2,0,0,12,11,123,21,0,0,45,1,0,0,0,0,0,0,13,0,0,0,0,0,0,21,0,0,0,0,150,80,0,6,0,0,2,0,0,
Fri May  9 12:00:05 2014,0,0,0,4,0,30,0,0,0,0,1,0,0,3,0,0,0,0,0,2,202,30,1,16,162,1,4,0,0,1,121,4,0,3,10,0,49,0,7,0,0,0,24,0,0,2,0,0,3,0,0,0,27,1,0,1,0,103,0,1,0,1,0,0,18,0,2,712,12,0,22,18,1,426,0,0,0,0,52,0,0,0,0,0,0,0,3,0,0,0,0,33,0,11,0,0,0,0,0,64,12,6,3,0,4,6,0,0,0,0,0,0,28,0,15,77,0,0,0,0,0,1,0,0,0,5,0,0,12,0,60,117,0,0,0,0,13,25,27,0,1,0,0,180,0,0,10,0,0,0,1667,0,10,21,0,4,3,0,0,0,0,0,0,0,0,0,0,0,1,2,0,0,14,0,3,0,0,0,0,239,0,0,1,22,0,3,51,0,0,0,0,1,13,0,0,2,0,0,0,0,0,0,5,62,122,20,0,0,6,0,0,2,21,0,0,2,0,0,0,5,64,10,0,3,13,1,24,0,2,75,20,370,37,0,0,78,0,0,3,0,1574,39,0,0,0,0,306,0,71,0,19,6,0,370,0,1,1,0,72,6,0,13,0,0,96,16,88,17,3,0,227,0,0,0,7,1,0,3,0,0,0,0,1,5,0,28,0,0,0,0,0,1,41,15,0,3,0,0,0,0,0,0,837,3,0,0,1,2,3,0,0,0,0,61,113,17,0,0,0,0,0,532,0,178,613,0,0,0,0,0,0,0,0,0,0,6,0,3,2,0,0,0,0,1,8,0,45,0,1,0,0,1,1,0,0,2,0,0,0,0,2,73,35,0,0,0,0,0,0,2,0,3,0,0,4,10,59,2,0,0,19,3,0,0,0,94,10,0,45,0,6,0,2,1,18,5,0,107,30,0,18,0,8,3,0,4,0,83,4,0,0,68,0,7,1,0,0,0,0,0,14,63,0,0,0,9,0,0,0,112,0,0,0,0,32,0,0,0,0,0,0,0,0,0,0,0,2,0,0,0,7,0,0,0,0,5,6,15,195,0,25,10,3,52,8,221,0,0,3,279,0,0,1,0,0,0,0,0,0,0,21,0,14,0,0,0,0,0,1,0,6,0,0,0,0,0,0,0,110,2,24,131,1,16,0,0,0,0,6,0,3,0,0,0,46,23,18,0,0,0,14,0,159,1,0,0,6,0,431,0,0,2,3,161,0,0,1,0,0,0,10,0,0,2,263,0,0,0,9,10,0,0,0,26,0,16,50,12,251,2,1,1,0,0,0,2,32,0,0,44,0,0,0,5,0,64,12,27,20,0,9,0,11,0,49,20,0,501,0,4,0,0,0,3,31,0,0,64,0,0,4,0,9,0,0,0,0,1,22,0,0,0,1,0,0,8,195,0,0,7,0,0,0,0,0,0,0,0,0,26,29,21,0,3,0,3,5,9,90,0,81,75,0,0,0,4,1,0,0,12,0,3,294,4,0,0,12,9,5,0,0,0,0,0,4,2,0,48,0,0,0,0,0,0,7,0,0,47,0,46,0,0,1,0,0,0,0,0,15,33,0,0,2815,171,0,29,0,3,0,0,44,0,1,40,0,0,0,129,0,0,0,0,0,0,1,0,0,23,0,12,16,16,0,0,0,0,1,3,3,2,0,0,1,0,2,11,0,3,3,0,4,0,0,2,0,0,34,0,0,0,5,0,53,0,0,161,0,12,0,10,0,0,1,672,2,0,25,5,0,0,294,754,0,0,11,0,1,41,98,0,0,16,6,0,0,0,0,0,4,0,1,11,15,0,0,8,0,0,0,2,0,3,0,0,5,0,2,0,0,14,0,0,0,2,0,4,75,1,0,0,0,0,0,28,0,328,0,1,0,0,10,0,82,1,2,2414,0,0,0,6,1,0,0,0,4,1,30,0,0,0,0,0,0,35,4,0,15,0,2,0,171,170,8,7,0,375,0,12,0,1,5,2,0,1,3,0,0,0,1,12,0,0,0,118,0,0,0,16,0,0,1,0,8,0,2,13,0,0,8,67,109,0,0,0,0,697,0,739,2,0,4,0,0,343,11,6,0,9,4,1,0,0,0,6,0,0,0,15,0,0,98,744,0,0,0,0,93,2,0,0,45,0,0,0,0,0,1,0,18,0,0,0,6,0,0,0,0,0,0,0,1,0,0,459,17,0,9,0,59,0,122,1,0,0,4,241,0,0,0,0,0,3,101,34,224,60,0,8,1,4,2,2,0,15,0,0,0,0,1,1,21,568,0,35,0,0,0,0,0,0,91,4,76,5,8,0,0,232,729,6,0,1328,0,0,0,82,76,0,20,0,0,0,0,0,0,0,0,203,0,0,0,0,0,44,0,1,0,63,19,1266,1,2,0,0,0,0,3,0,0,0,15,0,39,0,0,0,3,28,0,7,7,0,0,15,87,0,0,0,0,0,0,0,42,11,5,0,0,84,35,136,97,4,15,2,5,0,0,1,1,0,4,7,3,15,419,0,3,0,0,59,0,0,0,0,0,0,2,0,10,0,0,0,0,0,0,0,139,0,0,1,22,0,0,413,0,7,0,0,1,0,0,0,0,0,0,13,0,3,14,0,0,3,0,0,0,0,0,0,0,0,53,53,0,159,0,0,27,0,0,0,1,120,0,122,0,15,0,6,6,50,1,0,2,0,22,0,0,0,6,0,316,0,0,0,0,0,1,2,1,2,0,0,0,0,1,0,221,10,1,18,2,2,1,1,0,1182,0,4,7,31,7,22,1,27,0,2,0,19,0,1,1,0,0,11,18,158,16,0,4,45,0,0,0,0,0,0,0,18,0,0,0,0,0,0,19,0,0,0,0,119,100,0,24,0,0,3,0,0,
Sat May 10 12:00:05 2014,0,0,0,2,0,34,0,0,0,0,0,0,0,3,0,0,0,0,0,4,158,29,1,13,90,0,0,0,0,0,167,2,0,0,3,0,38,0,4,0,0,0,26,0,0,2,0,0,1,0,0,0,61,3,1,0,0,77,0,6,0,3,0,0,20,0,2,597,27,0,32,48,2,331,0,0,0,0,80,0,0,0,0,0,0,0,20,0,0,0,0,31,0,13,0,0,0,0,0,62,19,3,13,1,0,0,0,0,0,0,2,0,26,0,6,67,0,0,0,0,0,1,0,0,0,17,0,0,24,0,100,127,0,0,0,1,16,28,19,0,1,0,0,190,0,0,8,0,0,0,1995,0,11,24,1,13,7,0,0,0,0,0,0,0,0,0,0,0,0,0,1,0,9,0,4,0,0,0,0,180,0,0,6,51,0,4,39,0,0,0,0,4,15,0,4,2,0,0,0,0,0,0,9,74,123,5,0,0,6,0,0,0,13,0,0,1,0,0,0,2,58,10,0,0,10,9,20,0,2,112,7,322,36,0,0,95,0,0,5,0,1383,24,0,0,0,0,224,0,55,0,25,3,0,432,0,0,0,0,42,2,0,17,0,0,136,27,69,14,2,0,342,0,0,2,3,6,0,3,2,0,2,0,0,7,0,35,0,0,0,0,0,0,33,40,0,0,0,0,0,0,0,0,759,10,0,0,0,3,6,0,0,0,0,33,120,7,0,0,0,2,0,626,0,208,634,0,0,0,0,0,0,0,0,0,0,21,0,0,11,0,0,0,0,0,30,0,24,0,6,0,0,5,4,0,0,0,0,0,0,0,10,22,52,0,0,4,2,0,0,2,0,0,0,1,5,9,69,13,3,0,37,5,0,0,0,71,17,0,27,0,1,8,2,3,25,0,0,72,18,2,15,0,5,17,0,3,0,51,0,0,0,68,0,4,1,0,0,0,0,0,19,97,0,0,0,1,0,0,0,127,0,0,0,2,28,3,0,0,0,0,0,0,0,0,0,0,0,0,0,0,3,0,0,0,0,14,7,21,213,0,12,0,12,71,10,207,0,2,1,164,8,4,0,0,0,0,0,0,0,0,58,0,33,0,0,0,0,0,0,0,7,0,0,2,0,0,0,1,81,0,45,157,2,10,0,0,0,0,24,0,0,0,0,0,33,17,21,0,0,0,26,0,85,1,0,0,1,0,423,0,0,1,7,122,0,0,2,0,0,0,8,0,0,2,224,0,0,0,19,2,0,0,0,31,0,27,37,13,204,2,1,1,0,0,0,11,25,0,0,20,0,0,0,1,0,56,2,7,26,0,11,0,18,0,32,32,0,405,0,10,0,0,0,0,29,0,1,51,0,0,8,0,6,0,0,0,0,0,27,0,0,0,3,4,0,6,230,0,0,10,0,0,0,0,0,0,0,0,0,19,30,19,0,2,0,0,3,17,129,0,90,88,0,0,0,0,2,0,0,9,0,4,208,3,0,0,12,12,1,0,0,0,0,0,3,2,1,104,0,0,0,0,0,0,18,0,0,41,0,63,0,0,1,0,0,0,0,0,11,61,0,1,2918,217,0,22,3,1,0,0,33,0,0,40,0,0,0,136,0,1,0,0,0,0,3,0,0,8,0,2,25,10,0,0,0,6,4,5,0,6,0,0,1,0,2,4,0,2,0,0,3,0,0,0,0,0,38,2,4,1,18,0,31,0,0,88,0,14,0,2,0,0,0,512,3,0,34,17,0,2,281,696,0,0,14,0,0,52,68,0,0,7,3,0,0,0,0,0,7,0,0,2,1,0,0,4,0,3,0,3,0,2,0,0,1,0,1,0,0,5,0,0,0,1,0,2,43,1,0,0,0,0,0,36,0,419,0,0,0,0,30,0,118,1,3,2161,0,0,0,8,0,0,0,2,0,5,43,0,0,0,0,0,0,61,2,0,5,1,2,0,195,184,5,1,1,406,0,2,0,2,4,0,0,0,1,0,0,0,0,3,0,0,0,107,0,0,0,30,0,0,2,0,3,0,0,8,0,0,0,71,62,0,0,0,0,841,0,974,2,0,0,0,0,403,4,14,0,1,1,0,0,0,0,0,0,0,2,6,0,0,84,684,0,0,0,3,113,6,0,0,46,0,0,0,0,0,1,0,20,0,0,0,1,0,0,0,0,0,0,0,0,0,0,336,20,0,3,0,50,0,95,0,0,0,3,154,0,0,0,0,0,1,176,38,279,91,0,3,0,3,3,2,0,35,1,0,0,0,1,0,19,593,0,25,0,0,0,0,0,0,97,3,48,6,14,0,0,193,636,7,1,1382,0,0,0,88,102,0,17,0,0,0,0,0,0,0,0,210,0,0,0,2,0,72,1,0,0,71,11,989,2,0,0,0,0,0,1,0,0,0,29,0,32,0,0,0,0,18,0,2,5,3,1,10,72,0,0,0,0,1,0,0,43,3,2,0,0,106,22,122,182,1,2,0,10,0,1,0,2,1,11,11,4,13,452,0,5,0,0,39,6,0,1,0,0,0,0,5,4,0,0,0,5,0,0,0,136,0,0,0,36,0,0,431,0,5,0,0,0,0,0,0,0,0,0,11,0,8,2,0,0,2,0,0,0,0,0,0,0,0,90,45,0,180,0,0,47,0,0,0,0,165,4,154,0,2,0,17,15,53,3,0,3,0,49,0,0,0,7,0,358,0,0,0,0,0,0,3,2,0,0,0,0,0,0,0,194,46,0,18,2,1,0,5,0,1200,0,0,6,14,3,10,0,38,0,0,0,22,0,2,4,0,0,18,14,157,39,0,0,52,4,0,0,0,1,0,0,19,0,0,0,0,0,0,29,0,1,0,0,142,97,0,20,0,0,9,0,0,
Sun May 11 12:00:05 2014,0,0,0,2,0,10,0,0,0,0,0,0,0,11,0,0,0,0,0,1,195,21,4,0,90,1,2,0,0,0,138,0,0,1,4,0,27,0,11,0,0,0,17,0,0,0,0,0,12,0,0,0,35,0,0,0,0,96,0,2,0,5,0,0,13,0,3,551,27,0,23,27,0,322,0,0,0,0,56,0,0,0,0,0,0,0,2,0,0,0,0,27,0,12,0,0,0,0,0,26,4,1,0,0,7,6,0,0,0,0,0,0,19,0,1,52,0,0,2,0,0,1,0,0,0,7,0,0,19,0,59,132,0,0,0,2,8,9,15,4,1,0,0,117,0,0,2,0,0,0,1292,0,5,12,1,9,1,0,0,0,0,0,1,0,0,0,0,0,0,0,0,0,7,0,5,0,0,0,0,144,0,0,2,31,0,1,19,0,0,0,0,5,12,0,0,1,0,0,0,0,0,0,15,32,71,2,0,0,3,0,0,1,13,0,0,2,0,0,0,2,48,3,0,1,3,7,15,0,3,67,20,283,46,0,0,83,0,0,8,0,1022,20,0,0,0,0,222,0,47,0,19,3,0,311,0,2,4,0,44,4,0,20,0,0,95,12,57,28,0,0,190,0,0,0,9,2,0,5,0,0,0,0,0,7,0,13,0,0,0,0,0,0,22,13,0,2,0,0,0,0,0,0,663,4,0,0,0,9,0,0,0,0,0,52,128,11,0,0,0,0,0,404,0,128,474,0,0,0,0,0,1,0,0,0,0,19,0,1,9,0,0,1,0,1,8,0,41,0,0,0,0,6,1,0,0,3,0,0,0,0,0,57,28,0,1,0,0,0,0,4,0,2,0,0,2,9,55,5,0,0,16,0,0,0,0,59,18,0,26,0,4,3,1,3,23,1,0,68,29,0,18,0,8,7,0,2,0,56,2,0,0,71,0,2,0,1,0,0,0,0,16,77,0,0,0,1,0,0,0,110,0,0,0,0,24,1,0,0,0,0,0,0,0,0,0,1,2,0,0,0,2,0,0,0,0,8,5,19,148,0,23,0,5,35,4,180,0,0,5,112,0,1,0,0,0,0,0,0,0,0,14,0,9,0,0,0,2,0,3,0,2,0,0,1,0,0,0,0,96,0,8,118,0,4,0,0,0,0,8,0,0,0,0,0,27,28,7,0,0,0,12,0,100,0,0,4,3,0,293,0,0,0,8,105,0,0,2,0,0,0,12,0,0,4,239,0,0,0,13,10,0,0,0,16,0,11,25,12,194,0,4,1,0,0,0,1,28,0,0,48,0,0,0,0,0,51,17,9,36,0,4,0,26,0,13,19,0,379,0,2,0,0,0,1,9,0,1,43,0,0,4,0,1,0,0,0,0,2,38,0,0,0,0,0,0,12,171,0,0,2,0,0,0,0,0,0,0,0,0,23,17,16,0,0,0,3,6,9,68,0,89,62,0,0,0,2,1,0,0,12,0,0,236,0,0,1,15,3,1,0,0,0,0,0,0,4,0,69,0,0,0,0,0,0,6,0,6,37,0,35,0,0,0,1,0,0,0,0,4,75,0,0,2414,192,0,27,1,1,0,0,31,0,1,27,0,0,0,103,0,0,0,0,0,0,0,0,0,5,0,5,20,13,0,0,0,7,0,2,0,3,0,0,0,0,1,10,0,0,1,0,6,0,0,0,0,0,31,0,0,0,10,0,39,0,0,133,0,12,0,2,0,0,1,394,0,0,9,13,0,0,233,619,0,0,11,1,0,58,122,0,0,7,3,0,0,0,0,0,2,0,2,6,2,0,0,7,0,9,0,1,0,3,0,0,6,0,0,0,0,19,0,0,2,3,0,1,42,3,0,0,0,0,0,9,0,273,0,0,0,0,25,0,84,0,1,1907,0,0,0,7,1,0,0,0,0,4,24,0,0,0,0,0,0,26,1,0,5,4,4,0,154,149,5,3,0,306,0,18,0,0,1,1,0,1,4,0,3,0,1,2,0,0,0,109,0,0,3,9,0,0,0,0,4,0,0,7,0,0,1,65,37,0,0,0,0,544,0,644,4,0,0,0,0,344,1,6,0,26,3,0,0,0,6,1,0,0,1,3,0,0,75,663,0,0,0,0,77,7,0,0,38,0,0,1,0,0,6,0,16,0,0,0,5,0,0,0,0,0,0,0,0,0,0,375,18,0,1,0,19,0,56,4,0,0,2,160,0,0,1,1,0,2,128,43,214,63,0,5,1,3,6,4,0,26,1,0,0,0,0,0,21,516,0,20,0,0,0,0,0,0,95,1,65,7,7,0,0,236,644,4,0,1157,0,0,0,97,69,0,26,0,0,0,0,0,0,0,0,165,0,0,0,0,0,43,2,0,0,58,12,1043,3,2,0,0,0,0,3,0,0,0,18,0,38,0,0,0,0,28,0,1,5,0,0,11,52,0,0,0,0,0,1,0,31,1,1,1,0,89,17,81,152,1,5,5,5,0,0,0,2,6,5,4,1,14,354,0,0,0,0,25,0,0,6,0,0,0,2,0,2,0,0,0,1,0,0,0,136,2,0,0,17,0,0,310,0,4,0,0,2,0,0,0,0,0,0,4,0,2,6,0,0,0,0,0,0,0,0,0,2,0,87,41,0,166,0,0,16,0,0,0,0,132,1,125,0,9,0,3,11,59,3,0,3,0,26,0,0,0,5,0,290,0,0,0,0,0,0,2,4,0,0,0,0,0,1,0,186,9,1,9,1,0,0,2,0,977,0,0,8,11,0,10,0,38,0,0,0,18,0,0,2,0,0,7,3,78,8,0,0,36,9,0,0,1,0,0,0,9,0,0,0,0,0,0,36,0,0,0,0,107,37,0,24,0,0,6,0,0,
Mon May 12 12:00:07 2014,0,0,0,5,0,33,0,0,0,0,1,0,0,31,0,0,0,0,0,0,200,33,1,3,79,0,3,0,0,0,138,3,0,0,9,0,17,0,7,0,0,0,27,0,0,0,0,0,2,0,0,0,55,4,0,0,0,85,0,2,0,1,0,0,29,0,6,554,23,0,24,18,4,278,0,0,0,0,71,0,0,0,0,0,0,0,7,0,0,0,0,15,0,17,0,0,0,1,0,56,13,3,2,1,1,0,0,0,0,0,2,0,30,0,4,49,0,0,1,0,0,4,0,0,0,9,0,0,10,0,68,116,0,0,0,0,16,13,20,0,1,0,0,125,0,0,7,0,0,0,1568,0,7,11,0,6,9,0,0,0,0,0,0,0,0,0,0,0,0,0,1,0,17,0,2,0,0,0,0,194,0,1,1,48,0,9,49,0,0,0,0,0,15,0,1,4,0,0,0,0,0,0,0,45,90,21,0,0,2,0,0,0,5,0,0,1,0,0,0,3,50,12,1,0,1,2,31,0,1,102,9,321,37,0,0,79,0,0,5,0,1377,55,0,0,0,0,264,0,41,0,18,4,0,336,0,8,0,0,51,0,0,31,0,0,137,30,66,27,0,2,210,0,0,0,3,9,0,1,0,0,2,0,0,3,0,20,0,1,0,0,0,0,32,21,0,3,0,0,0,0,0,0,644,12,0,0,0,3,2,0,0,0,0,74,112,10,0,0,0,0,0,530,0,131,646,0,0,0,0,0,0,0,0,0,0,23,0,0,12,0,0,0,0,0,23,0,42,0,0,0,0,2,3,0,0,1,0,0,0,0,10,10,22,0,0,3,2,0,0,1,4,0,0,2,4,19,67,0,0,0,28,3,0,0,0,78,11,0,48,0,1,2,2,0,21,0,0,69,22,7,22,0,5,12,0,6,0,49,4,0,0,70,0,5,1,1,0,4,1,0,18,66,0,0,0,3,0,0,0,92,0,0,0,4,14,0,0,0,0,0,0,0,0,0,0,0,0,0,0,0,39,0,0,0,0,13,6,7,177,0,19,0,13,59,7,166,2,0,5,105,0,0,0,0,0,0,0,0,0,0,21,0,11,0,0,0,0,0,1,0,1,0,0,11,0,0,0,0,95,7,23,101,0,15,0,0,0,0,18,0,0,0,0,0,36,16,10,0,0,0,11,0,81,0,1,4,3,1,335,0,0,4,6,91,0,2,1,0,0,0,7,0,0,0,199,0,0,0,28,0,0,0,0,14,0,21,76,19,175,1,3,0,0,0,0,8,26,3,0,23,0,0,0,2,0,45,4,9,23,0,6,0,10,0,28,17,0,392,0,1,0,0,0,6,44,0,0,51,0,0,9,0,4,0,0,0,0,1,25,0,0,0,1,3,0,5,152,0,0,7,0,0,0,0,0,0,0,0,0,16,18,32,0,0,0,6,3,12,110,0,87,113,0,0,0,1,1,0,0,8,0,0,187,3,0,2,11,3,1,0,0,0,0,0,7,1,0,72,1,0,0,0,0,0,9,0,0,60,0,59,0,0,1,0,0,0,0,0,7,26,0,2,2441,182,0,30,1,0,0,0,43,0,0,30,0,0,1,146,0,0,0,0,0,0,13,0,0,10,0,11,10,15,0,0,0,6,5,2,4,24,0,0,1,0,3,7,0,0,0,0,4,0,0,0,0,0,47,0,1,0,4,0,40,0,0,84,0,13,0,11,0,1,0,558,1,0,29,9,0,0,276,647,0,0,14,0,1,52,41,0,0,14,4,0,0,0,0,0,5,0,1,4,2,0,1,11,0,2,0,1,0,0,0,0,7,0,4,0,0,6,0,0,0,0,0,3,24,2,0,0,0,0,0,33,0,416,0,0,0,0,5,0,80,10,4,1942,0,0,0,8,1,0,0,2,1,3,31,0,0,0,0,0,0,34,5,0,4,0,5,0,195,131,7,1,1,369,0,1,0,2,4,5,0,0,1,0,0,0,6,1,0,1,0,73,0,0,0,14,0,0,5,0,3,0,1,1,0,0,4,89,62,0,0,0,0,716,0,818,2,0,0,0,0,295,4,7,0,19,3,5,0,0,0,0,0,0,1,17,0,0,105,514,0,0,0,7,73,9,0,0,41,0,0,0,0,0,1,0,25,0,0,0,3,0,0,0,0,0,0,0,0,0,0,297,13,0,9,0,39,0,61,0,0,0,5,160,0,0,0,0,0,0,68,35,210,72,0,2,0,5,0,6,0,11,0,0,0,0,1,0,9,431,0,22,0,0,0,0,0,0,60,5,43,10,4,0,0,135,650,2,1,1115,0,0,0,69,71,0,23,0,0,0,0,0,0,0,0,193,0,0,0,0,0,48,0,0,3,76,12,945,1,1,0,0,0,0,0,0,0,0,27,0,39,0,0,0,0,19,0,6,4,0,0,11,51,0,0,0,0,0,0,0,53,11,1,0,0,95,32,122,165,0,10,2,3,0,0,0,3,1,5,6,4,11,358,0,2,0,0,37,0,0,3,0,0,0,2,0,2,0,0,0,1,0,0,0,145,0,0,0,25,0,0,410,0,4,0,0,1,0,0,0,0,0,0,10,0,3,7,0,0,3,0,0,0,0,0,0,0,0,87,59,0,123,0,0,15,0,0,0,0,117,0,111,0,5,0,8,9,47,4,0,3,0,24,0,0,0,8,0,229,0,0,0,0,0,0,5,4,0,0,0,0,0,0,0,181,53,0,32,4,1,0,0,0,999,0,14,9,13,0,9,0,31,0,0,0,20,0,0,2,0,0,14,6,129,23,0,0,50,1,0,0,0,1,0,0,7,0,0,0,0,0,0,26,0,1,0,0,157,73,0,14,0,0,8,0,0,
Tue May 13 12:00:05 2014,0,0,0,1,0,15,0,0,0,0,0,0,0,1,0,0,0,0,0,5,216,13,1,9,123,2,3,0,0,0,144,1,0,0,4,0,33,0,9,0,0,0,31,0,0,0,0,0,7,0,0,0,57,0,0,0,0,131,0,2,0,0,0,0,18,0,5,638,16,0,20,17,0,289,0,0,0,0,65,0,0,0,0,0,0,0,11,0,0,0,0,36,0,19,0,0,0,0,0,49,14,15,3,3,3,0,0,0,0,0,3,0,25,0,2,69,0,0,0,0,0,0,0,0,0,7,0,0,15,0,71,143,0,0,0,0,27,25,20,1,0,0,0,148,0,0,1,0,0,0,1446,0,4,19,0,15,5,0,0,0,0,0,1,0,0,0,0,0,3,3,1,0,10,1,7,0,0,0,0,123,0,1,3,28,0,1,43,0,0,0,0,3,6,0,0,3,0,0,0,0,0,0,12,47,123,6,0,0,12,0,0,0,11,0,0,0,0,0,0,3,55,0,0,0,9,6,10,0,3,81,10,345,42,0,0,132,0,0,5,0,1432,46,0,0,0,0,256,0,68,0,19,7,0,346,1,0,0,0,55,0,0,24,0,0,114,12,72,29,3,4,287,0,0,3,4,3,0,1,2,0,0,0,0,9,0,20,0,2,0,0,0,1,33,25,0,5,0,0,0,0,0,0,636,1,0,0,1,3,1,0,0,0,0,31,101,9,12,0,0,2,0,577,0,217,643,0,0,0,0,0,0,0,0,0,0,14,0,0,2,0,0,0,0,0,17,0,49,3,4,0,0,7,0,0,0,1,0,0,0,0,2,33,36,0,1,2,0,0,0,1,0,3,1,0,13,10,68,0,1,0,34,1,0,0,0,66,14,0,56,0,3,2,5,2,39,3,0,78,17,2,11,0,18,8,0,4,0,75,8,0,0,65,0,3,0,0,0,0,0,0,25,80,0,0,0,3,0,0,0,111,0,0,0,0,33,6,0,0,0,0,0,0,0,0,0,0,5,0,0,0,8,0,0,0,0,9,11,13,261,0,10,0,21,45,8,256,0,1,1,279,9,0,0,0,0,0,0,0,0,0,36,0,34,0,0,0,1,0,0,0,2,0,0,0,0,0,0,0,143,0,14,188,9,8,0,0,0,0,10,0,3,0,0,0,35,16,10,0,1,0,20,0,74,0,0,3,1,1,428,0,0,4,3,173,0,2,6,0,0,0,9,0,0,4,227,0,0,0,13,1,0,0,0,13,0,85,37,9,193,0,9,1,0,0,0,9,25,0,0,53,0,0,0,0,0,46,20,24,21,0,0,0,29,0,33,12,0,360,0,3,0,0,0,0,18,0,0,57,0,0,4,0,3,0,0,0,0,2,23,0,0,0,0,2,0,13,207,0,0,17,0,0,0,0,0,0,0,0,0,28,22,28,0,0,0,10,4,8,99,0,81,73,0,0,0,1,0,0,0,10,0,4,248,1,0,2,32,9,6,0,0,0,0,0,4,4,1,85,0,0,0,0,0,0,14,0,4,39,0,58,0,0,1,0,0,0,0,0,19,42,0,1,3019,235,0,30,0,8,0,0,32,0,0,24,0,0,0,111,0,0,0,0,0,0,2,0,0,17,0,9,17,22,0,0,0,7,2,4,1,5,0,0,1,1,3,9,0,0,3,0,22,0,0,0,0,1,53,0,0,0,10,0,58,0,0,112,0,6,0,2,0,0,1,492,2,0,13,12,0,0,251,724,0,0,20,0,0,52,113,0,0,8,3,0,0,0,0,0,5,0,2,3,8,0,0,6,0,1,0,2,0,6,1,0,3,0,4,0,0,16,0,0,6,4,0,2,47,0,0,0,0,0,0,26,0,332,0,0,0,0,24,0,101,2,1,1821,0,0,0,12,2,0,0,1,2,1,30,0,0,0,0,0,0,37,6,0,16,9,0,0,177,152,5,2,1,366,0,6,0,1,7,4,0,5,5,0,1,0,2,1,0,1,0,116,0,0,2,22,0,0,0,3,5,0,0,2,0,0,2,86,51,0,0,0,0,588,0,603,3,0,0,0,0,415,2,18,0,23,11,0,0,0,0,1,0,25,1,5,0,0,125,713,0,0,0,2,68,1,0,0,46,0,0,0,0,0,4,0,23,0,0,0,2,0,0,0,0,0,0,0,0,0,0,352,17,0,3,0,66,0,87,0,0,0,2,164,0,0,0,1,0,0,94,43,209,62,0,2,0,4,2,7,0,32,1,0,0,0,1,1,16,542,0,41,0,0,0,0,0,0,88,3,65,12,7,0,0,205,815,7,1,1313,0,0,0,101,92,0,9,0,0,0,0,0,0,0,0,168,0,0,0,2,0,31,1,1,0,39,26,1049,5,2,0,0,0,0,1,0,0,0,13,0,34,0,0,0,2,21,0,1,9,1,0,10,57,0,0,0,0,0,0,0,66,14,3,0,0,102,22,105,120,0,12,1,9,0,0,0,2,11,8,7,4,21,430,0,5,0,0,46,0,0,2,0,0,0,0,4,4,0,0,0,5,0,0,0,158,1,0,2,28,0,0,429,0,13,0,0,5,0,0,0,0,0,0,20,0,7,4,0,0,0,0,0,0,0,0,0,0,0,83,33,0,159,0,0,19,0,0,0,0,138,1,155,0,2,0,3,12,48,7,0,0,0,40,0,0,0,10,0,272,0,0,0,0,0,0,7,4,1,0,0,0,0,2,0,197,34,0,18,1,1,0,1,0,1048,0,2,12,17,0,9,0,42,1,1,0,30,0,8,0,0,0,18,18,119,29,1,4,44,3,0,0,0,0,0,0,15,0,0,0,0,0,0,22,0,5,0,0,111,120,0,7,0,0,4,0,0,
Wed May 14 12:00:05 2014,0,0,0,6,0,19,0,0,0,0,1,0,0,32,0,0,0,0,0,2,186,29,1,6,113,3,6,0,0,0,160,0,0,2,5,1,22,0,17,0,0,0,41,0,0,2,0,0,5,0,0,0,43,0,0,0,0,132,0,3,0,0,0,0,32,0,2,521,34,0,18,25,9,381,0,0,0,0,74,0,0,0,0,0,0,0,9,0,0,0,0,32,0,3,0,0,0,6,0,47,18,5,3,0,0,6,0,0,0,0,0,0,33,0,10,49,0,0,1,0,0,3,0,0,0,14,1,0,22,0,62,107,0,0,0,0,25,30,19,0,0,0,0,143,0,0,16,0,0,0,1597,0,8,8,0,25,6,0,0,0,0,0,0,0,0,0,0,0,2,0,1,0,9,0,4,0,0,0,0,141,0,0,3,27,0,1,48,0,0,0,0,1,13,0,1,3,0,0,1,0,0,0,8,44,98,12,0,0,7,0,0,1,14,0,0,3,0,0,0,4,52,1,0,0,16,12,16,0,5,108,5,378,30,0,0,70,0,0,7,0,1535,31,0,0,0,0,232,0,43,0,18,3,0,339,0,0,1,0,41,0,2,12,0,0,130,27,66,21,0,0,299,0,0,0,7,3,0,2,1,0,1,0,0,4,0,29,1,1,0,0,0,0,25,13,0,1,0,0,0,0,0,0,758,1,0,0,2,3,5,0,0,0,0,51,116,3,0,0,0,0,0,513,0,107,609,0,0,0,0,1,0,0,0,0,0,23,0,0,11,0,0,1,0,0,22,0,54,0,0,0,0,4,3,0,0,1,0,0,0,0,1,20,50,0,1,1,2,0,0,4,0,0,0,1,7,18,68,9,0,0,30,0,0,0,0,73,21,0,35,0,1,0,0,0,26,1,0,90,38,0,34,0,3,17,0,4,0,77,3,0,0,61,0,5,0,1,0,1,0,2,20,80,0,0,0,4,0,0,0,118,0,0,0,0,22,0,0,0,0,0,0,0,0,0,0,0,3,0,0,0,6,0,0,0,0,12,9,13,176,0,28,0,4,77,4,244,0,1,4,171,0,1,0,0,0,0,0,0,0,0,16,0,20,0,0,0,1,0,1,0,1,0,0,0,0,0,0,2,145,0,19,149,3,10,0,1,0,0,9,0,0,0,0,0,32,21,13,0,0,0,23,0,117,1,0,2,5,0,337,0,0,5,13,119,0,0,3,0,0,0,16,0,0,4,241,0,0,0,15,7,0,0,0,12,0,8,29,17,183,0,1,0,0,0,0,9,27,2,0,37,0,0,0,5,0,78,8,6,24,0,1,0,23,0,32,20,1,457,0,2,0,0,0,1,14,0,0,46,0,0,3,0,2,0,0,0,0,8,24,0,0,0,1,2,0,2,220,0,0,10,0,0,0,0,0,0,0,0,0,38,22,26,0,4,0,8,7,20,143,0,74,103,0,0,0,0,0,0,0,8,0,4,203,4,0,0,21,3,1,0,0,0,0,0,4,2,0,67,3,0,0,0,0,0,16,0,2,45,0,55,0,0,1,1,0,0,0,0,14,18,0,0,2693,165,0,32,0,3,0,0,35,0,2,64,0,0,2,124,0,0,0,0,0,0,1,0,0,12,0,6,16,19,0,0,0,3,3,2,3,21,0,0,1,0,5,6,0,3,0,0,8,0,0,0,0,0,57,0,0,0,12,0,45,0,0,97,0,22,0,45,0,0,0,530,0,0,49,9,0,2,276,591,0,0,12,1,2,85,100,0,0,7,2,0,0,0,0,0,3,0,12,8,3,0,0,8,0,3,0,2,0,0,1,0,11,0,1,0,0,17,0,0,4,1,0,2,65,5,0,0,0,0,0,50,0,330,0,1,0,0,18,0,106,0,0,2020,0,0,0,13,0,0,0,5,0,1,34,0,0,0,0,0,0,53,5,0,6,0,0,0,219,209,8,0,0,311,0,11,0,0,7,5,0,2,3,0,5,0,5,1,0,0,0,87,0,0,0,18,0,0,3,0,5,0,1,5,0,0,2,57,81,0,0,0,0,775,0,909,5,0,2,0,0,325,4,8,0,28,11,1,0,0,0,8,0,36,0,7,0,0,110,575,0,0,0,1,117,3,0,0,45,0,0,0,0,0,2,0,24,0,0,0,4,0,0,0,0,0,0,0,0,0,0,351,19,0,13,0,39,0,67,2,0,0,5,199,0,0,0,0,0,1,87,40,253,85,0,5,0,4,1,3,0,29,0,0,0,0,1,1,8,552,0,44,0,0,1,0,0,0,88,4,39,9,14,0,0,200,581,5,1,1192,0,0,0,78,62,0,27,0,0,0,0,0,0,0,0,194,0,0,1,0,0,29,8,1,0,82,9,1004,8,3,0,0,0,0,0,0,0,0,19,0,49,0,0,0,2,27,0,1,5,0,0,16,47,0,0,0,0,2,0,0,36,7,0,1,0,82,14,106,157,0,1,1,6,0,0,0,1,0,14,9,6,26,440,0,1,0,0,46,2,0,3,0,0,0,0,0,1,0,0,0,0,0,0,0,108,0,0,1,19,0,0,345,0,5,0,0,1,0,0,0,0,0,0,17,0,8,0,0,0,0,0,0,0,0,0,0,0,0,117,46,0,180,0,0,29,0,0,0,0,148,1,133,0,5,0,13,5,49,4,0,0,0,22,0,0,0,9,0,259,0,0,0,0,0,0,5,3,0,0,0,0,0,0,0,179,47,2,12,1,0,1,0,0,1046,0,7,10,11,3,11,0,44,0,0,0,14,1,0,2,0,0,9,11,105,16,1,0,36,2,0,0,0,1,0,0,13,0,0,0,0,0,0,34,0,0,0,0,134,74,0,40,0,0,4,0,0,
Thu May 15 12:00:05 2014,0,0,0,6,0,18,0,0,0,0,1,0,0,5,0,0,0,0,0,1,187,30,0,1,108,2,0,0,0,0,128,0,0,0,7,0,28,1,13,0,0,0,25,0,0,0,0,0,10,0,0,0,66,4,0,0,0,93,0,2,0,3,0,0,31,0,5,579,14,0,51,23,1,279,0,0,0,0,43,0,0,0,0,0,0,0,7,0,0,0,0,29,0,5,0,0,0,0,0,56,7,10,4,0,5,0,0,0,0,0,1,0,38,0,2,88,0,0,1,0,0,3,0,0,0,9,0,0,10,0,66,91,0,0,0,0,11,16,16,2,0,0,0,123,0,0,3,0,0,0,1493,0,6,13,0,16,4,0,0,0,0,0,1,0,0,0,0,0,0,0,0,0,12,0,3,0,0,0,0,273,0,1,1,39,0,15,46,0,0,0,0,0,14,0,2,0,0,0,0,0,0,0,12,65,109,3,0,0,8,0,0,0,11,0,0,1,0,0,0,0,57,12,0,0,8,6,25,0,1,71,3,310,41,0,0,75,0,0,9,0,1441,32,0,0,0,0,228,0,64,0,20,2,0,307,1,1,1,0,48,0,0,10,0,0,120,16,66,32,0,3,290,0,0,0,4,8,0,1,0,0,2,0,0,5,0,18,0,0,0,0,0,0,23,12,0,1,0,0,0,0,0,0,663,5,0,0,0,8,1,0,0,0,0,63,101,12,0,0,0,0,0,507,0,185,688,0,0,0,0,0,1,0,0,0,0,20,0,0,7,0,0,0,0,0,19,0,48,0,5,0,0,4,0,0,0,1,0,0,0,0,7,36,26,0,0,0,3,0,1,2,0,0,0,0,8,7,52,3,2,0,19,1,0,0,0,69,17,0,46,0,1,0,4,0,27,3,0,79,32,1,18,0,4,9,0,5,0,38,2,0,0,41,0,4,2,5,0,3,1,0,13,54,0,0,0,7,0,0,0,115,0,0,0,2,30,0,0,0,0,0,0,0,0,0,0,0,3,0,0,0,6,0,0,0,0,3,8,4,220,0,8,0,7,25,5,159,0,0,8,173,0,0,0,0,0,0,0,0,0,0,40,0,24,0,0,0,0,0,0,0,1,0,0,11,0,0,0,1,91,2,28,142,4,9,0,0,0,0,7,0,1,0,0,0,28,27,14,0,0,0,6,0,74,0,0,3,3,0,405,0,0,1,14,94,0,0,6,0,0,0,6,0,0,5,246,0,0,0,11,5,0,0,0,18,0,23,37,7,224,0,10,0,0,0,0,5,47,2,0,51,0,0,0,2,0,54,2,10,14,0,19,0,23,0,37,25,0,419,0,2,0,0,0,1,9,0,1,41,0,0,7,0,5,0,0,0,0,5,40,0,0,0,1,1,0,5,151,0,0,5,0,0,0,0,0,0,0,0,0,17,23,23,0,4,0,3,3,9,95,1,81,72,0,0,0,3,3,0,0,13,0,2,221,0,0,0,20,17,1,0,0,0,0,0,2,4,0,52,0,0,2,0,0,0,10,0,5,49,0,53,0,0,1,0,0,0,0,0,6,48,0,2,2585,148,0,33,1,1,0,0,23,0,0,20,0,0,0,89,0,3,0,0,0,0,1,0,0,3,0,6,12,20,0,0,0,1,2,1,1,5,0,0,9,0,3,14,0,0,1,0,32,0,0,0,0,0,26,0,2,0,15,0,50,0,0,113,0,11,0,1,0,0,2,541,2,0,27,13,0,1,310,631,0,0,14,0,0,23,73,0,0,4,3,0,0,0,0,0,3,0,1,9,10,0,0,6,0,3,0,4,0,7,0,0,1,0,3,0,0,11,0,0,5,0,0,1,57,0,0,0,0,0,0,35,0,339,0,0,0,0,33,0,85,4,1,1867,0,0,0,7,3,0,0,0,1,1,25,0,0,0,0,0,0,49,6,0,21,0,6,0,179,142,9,11,0,390,0,1,0,1,13,3,0,1,3,0,1,0,0,4,0,3,0,98,0,0,0,21,0,0,2,0,10,0,0,7,0,0,4,74,55,0,0,0,0,781,0,717,2,0,0,0,0,332,1,5,0,0,3,5,0,0,0,6,0,37,3,4,0,0,114,586,0,0,0,6,80,4,0,0,35,0,0,0,0,0,5,0,15,0,0,0,7,0,0,0,0,0,0,0,0,0,0,268,24,0,5,0,53,0,100,0,0,0,4,177,0,0,1,0,0,0,106,48,220,72,2,6,0,1,0,4,0,25,0,0,0,1,0,0,19,473,0,30,0,0,0,0,0,0,60,0,46,9,6,0,0,195,510,3,1,1158,0,0,0,104,71,0,26,0,0,0,0,0,0,0,0,220,0,0,0,0,0,31,5,0,0,41,16,1058,3,0,0,0,0,0,1,0,0,0,31,0,39,0,0,0,1,18,0,0,5,1,1,4,49,0,0,0,0,0,0,0,35,7,2,0,0,93,30,95,198,0,11,1,2,0,0,0,6,3,13,6,1,18,419,0,1,0,0,41,11,0,6,0,0,0,0,5,7,0,0,0,1,0,0,0,144,0,0,0,30,0,0,368,0,1,0,0,0,0,0,0,0,0,0,7,0,7,1,0,0,0,0,0,0,0,0,0,0,0,110,46,0,125,0,0,27,0,0,0,0,107,4,118,0,15,0,5,7,59,2,0,1,0,28,0,0,0,7,0,275,0,0,0,0,0,1,2,3,0,0,0,0,0,4,0,177,35,2,16,1,0,0,3,0,978,0,4,7,36,1,34,1,56,0,0,0,33,0,2,1,0,0,10,6,99,48,0,2,38,3,0,0,0,1,0,0,7,1,0,0,0,0,0,25,0,2,0,0,135,65,0,13,0,0,10,0,0,
Fri May 16 12:00:05 2014,0,0,0,2,0,26,0,0,0,0,0,0,0,1,0,0,0,0,1,7,171,19,1,0,136,0,2,0,0,0,190,1,0,1,10,0,27,0,13,0,0,0,29,0,0,0,0,0,1,0,0,0,59,1,1,0,0,94,0,4,0,1,0,0,31,0,4,596,25,0,22,17,1,452,0,0,0,0,50,0,0,0,0,0,0,0,12,0,0,0,0,30,0,0,0,0,0,0,0,72,9,5,11,0,3,4,0,0,0,0,1,0,35,0,0,64,0,0,1,0,0,0,0,0,0,3,0,0,8,0,70,142,0,0,0,2,12,42,27,0,0,1,0,139,0,0,1,0,0,0,1552,0,6,15,0,19,5,0,0,0,0,0,0,0,0,0,0,0,2,3,0,0,6,1,9,0,0,0,0,152,0,2,5,22,0,1,46,0,0,0,0,0,7,0,3,0,0,0,0,0,0,0,3,40,82,3,0,0,4,0,0,1,6,0,0,1,0,0,0,4,54,1,0,3,21,6,10,0,1,124,12,331,39,0,0,85,0,0,12,0,1357,38,0,0,0,0,228,0,72,0,21,8,0,352,1,2,1,0,52,0,1,27,0,0,90,13,82,23,1,0,245,0,0,3,8,3,0,4,0,0,0,0,0,14,0,18,0,0,0,0,0,0,27,20,0,2,0,0,0,0,0,0,834,5,0,0,1,5,0,0,0,0,0,63,90,8,1,0,0,2,0,514,0,166,526,0,0,0,0,0,0,0,0,0,0,8,0,4,14,0,0,0,0,0,24,0,39,2,0,0,0,2,3,0,0,4,0,0,0,0,2,8,50,0,0,3,2,0,0,3,1,2,0,1,1,4,70,0,1,0,20,0,0,0,2,62,17,0,40,0,4,1,3,1,25,0,0,70,19,2,17,0,3,7,0,5,0,46,1,0,0,85,0,1,0,0,0,1,1,0,24,56,0,0,0,1,0,0,0,135,0,0,0,4,23,5,0,0,0,0,0,0,0,0,0,0,5,0,0,0,2,0,0,0,0,22,10,11,213,0,25,0,13,75,5,199,0,0,0,142,7,4,0,0,0,0,0,0,0,0,36,0,19,0,0,0,1,0,0,0,5,0,0,0,0,0,0,0,115,1,17,139,6,7,0,0,0,0,5,0,0,0,0,0,31,23,11,0,0,0,37,0,86,1,0,1,3,0,376,0,0,13,9,89,0,0,4,0,0,0,9,0,0,0,205,0,0,0,13,1,0,0,0,9,0,49,33,21,189,1,1,0,0,0,0,3,18,0,0,17,0,0,0,0,0,48,5,23,17,0,2,0,14,0,35,28,1,393,0,5,0,0,0,1,53,0,0,46,0,0,0,0,4,0,0,0,0,3,27,0,0,0,14,1,0,15,184,0,0,6,0,0,0,0,0,0,0,0,0,31,22,17,0,0,0,3,8,18,123,0,58,68,0,0,0,0,7,0,0,9,0,5,212,7,0,0,10,11,2,0,0,0,0,0,3,4,0,92,1,0,0,0,0,0,10,0,5,33,0,57,0,0,0,0,0,0,0,0,14,44,0,1,2739,172,0,32,0,6,0,0,38,0,0,36,0,0,0,121,0,1,0,0,0,0,15,0,0,4,0,11,14,25,0,0,0,2,2,3,0,3,0,0,1,0,0,7,0,1,0,0,18,0,0,0,0,0,52,2,1,0,5,0,54,0,0,106,0,19,0,1,0,0,1,580,2,0,14,6,0,0,238,686,0,0,8,1,1,89,78,0,0,6,0,0,0,0,0,0,2,0,3,16,0,0,0,4,0,0,0,6,0,2,0,0,4,1,2,0,0,17,0,0,3,3,0,3,36,2,0,0,0,0,0,50,0,421,0,0,0,0,13,0,91,2,2,2075,0,0,0,9,3,0,0,4,0,2,25,0,0,0,0,0,0,77,2,0,5,0,7,0,184,155,12,2,0,324,0,4,0,1,2,1,0,1,3,0,5,0,3,3,0,0,0,119,0,0,2,21,0,0,1,0,6,0,3,1,0,0,4,55,81,0,0,0,0,666,0,750,0,0,3,0,0,311,9,8,0,2,2,11,0,0,0,1,0,2,4,20,0,0,110,726,0,0,0,3,134,13,0,0,66,0,0,0,0,0,4,0,17,0,0,0,3,0,0,0,0,0,0,0,0,0,0,393,8,0,2,0,58,1,77,3,0,0,5,187,0,0,0,0,0,5,110,45,209,100,0,5,1,5,3,3,0,22,1,0,0,0,0,0,8,523,0,54,0,0,0,0,0,0,61,4,61,5,5,0,0,234,616,10,1,1173,0,0,0,73,58,0,25,0,0,0,0,0,0,0,0,151,0,0,0,0,0,38,0,0,1,70,13,1031,3,4,0,0,0,0,0,0,0,0,25,0,13,0,0,0,0,18,0,5,7,0,5,13,33,0,0,0,0,0,1,0,64,25,3,0,0,104,28,121,159,2,9,23,8,0,0,0,2,1,10,6,18,8,359,0,3,0,0,42,0,0,3,0,0,0,0,0,1,0,0,0,6,0,0,0,180,1,0,0,29,0,0,385,0,9,0,0,2,0,0,0,0,0,0,19,0,4,2,0,0,0,0,0,0,0,0,0,0,0,103,47,0,191,0,0,25,0,0,0,0,156,1,132,0,7,0,3,11,51,2,0,3,0,28,0,0,0,10,0,216,0,0,0,0,0,1,3,7,3,0,0,0,0,0,0,221,25,0,7,7,0,1,0,0,1226,0,4,4,15,0,11,0,45,0,0,0,20,0,0,2,0,0,12,12,150,16,0,0,55,3,0,0,1,0,0,0,14,0,0,0,0,0,0,27,0,0,0,0,128,70,0,23,0,0,3,0,0,
Sat May 17 12:00:06 2014,0,0,0,12,0,25,0,0,0,0,2,0,0,4,0,0,0,0,0,5,228,37,3,10,89,0,7,0,0,0,193,1,0,2,6,0,38,0,15,0,0,0,28,0,0,0,0,0,5,0,0,0,72,6,2,1,0,111,0,1,0,0,0,0,9,0,4,539,21,0,33,32,5,303,0,0,0,0,91,0,0,0,0,0,0,0,4,0,0,0,0,38,0,17,0,0,0,3,0,65,20,8,2,0,6,0,0,0,0,0,0,0,42,0,13,64,0,2,0,0,0,6,0,0,0,3,0,0,8,0,72,80,0,0,0,0,19,15,15,0,1,0,0,156,0,0,10,0,1,0,1982,0,3,19,1,32,2,0,0,0,0,0,1,0,0,0,0,0,0,0,0,0,23,0,1,0,0,0,0,210,0,0,1,44,0,5,48,0,0,0,0,1,22,0,0,0,0,0,0,0,0,0,5,73,118,18,0,0,4,0,0,0,10,0,0,4,0,0,0,1,47,26,0,0,7,13,15,0,1,87,7,384,45,0,0,114,0,0,5,0,1555,39,0,0,0,0,243,0,56,0,24,6,0,409,1,10,0,0,42,1,0,28,0,0,165,14,69,26,0,0,352,0,0,0,4,4,0,2,4,0,0,0,0,5,0,26,5,0,0,0,0,0,25,0,0,1,0,0,0,0,0,0,825,11,0,0,0,4,4,0,0,0,0,66,117,6,1,0,0,0,0,631,0,112,662,0,0,0,0,0,0,0,0,0,0,13,0,0,6,0,0,0,0,0,18,0,55,0,0,0,0,1,3,0,0,2,0,0,0,0,11,32,26,0,0,1,2,0,0,2,0,2,3,0,4,12,80,10,4,0,29,0,0,0,0,74,14,0,47,0,2,0,3,0,46,0,0,93,27,0,28,0,18,19,0,0,0,80,3,0,0,71,0,2,0,2,0,1,0,0,12,80,0,0,0,1,0,0,0,130,0,0,0,0,27,0,0,0,0,0,0,0,0,0,0,1,2,0,0,0,15,0,0,0,0,12,4,19,239,0,16,0,12,70,16,221,0,1,2,160,1,1,0,0,0,0,0,0,0,0,30,0,43,0,0,0,1,0,0,0,0,0,0,0,0,0,0,0,131,0,34,142,3,11,0,0,0,0,5,0,0,0,0,0,18,15,13,0,0,0,30,0,135,3,0,1,5,0,437,0,0,0,13,101,0,0,1,0,0,0,5,0,0,1,266,0,0,0,26,7,0,0,0,12,0,52,40,6,251,0,4,0,0,0,0,8,43,0,0,26,0,0,0,1,0,85,1,5,21,0,1,0,13,0,57,18,0,496,0,4,0,0,0,0,15,0,0,78,0,0,6,0,5,0,0,0,0,2,12,0,0,0,1,3,0,5,218,0,0,6,0,0,0,0,0,0,0,0,0,26,23,14,0,2,0,16,3,23,143,0,71,142,0,0,0,0,2,0,0,15,0,0,299,3,0,1,9,3,3,0,0,0,0,0,3,4,0,69,0,0,0,0,0,0,12,0,0,63,0,35,0,0,1,1,0,0,0,0,8,55,0,1,3287,195,0,38,0,1,0,0,30,0,0,32,0,1,0,103,0,1,0,0,0,0,1,0,0,10,0,9,27,17,0,0,0,2,3,0,0,20,0,0,0,0,3,9,0,0,0,0,4,0,0,1,0,0,33,0,0,0,11,0,89,0,0,77,0,14,0,2,0,0,1,542,2,0,35,5,0,0,285,769,0,0,26,0,0,45,84,0,0,5,2,0,0,0,0,0,13,0,1,7,6,0,0,6,0,1,0,15,0,2,0,0,13,0,1,0,0,11,0,0,2,1,0,3,38,0,0,0,0,0,0,23,0,351,0,1,0,0,42,0,98,2,3,2254,0,0,0,5,1,0,0,2,0,11,47,0,0,0,0,0,0,32,1,0,8,6,0,0,175,166,16,0,0,365,0,10,0,1,8,5,0,5,6,0,2,0,5,1,0,2,0,101,0,0,1,34,0,0,3,2,1,0,5,0,0,0,7,72,84,0,0,0,0,790,0,919,2,0,1,0,0,438,5,20,0,0,1,4,0,0,0,1,0,6,0,2,0,0,125,675,0,0,0,0,90,2,0,0,51,0,0,0,0,0,4,0,15,0,0,0,3,0,0,0,0,0,0,0,0,0,0,338,45,0,8,0,68,0,100,0,0,0,4,146,0,0,0,0,0,0,166,44,274,94,0,5,0,4,0,7,0,17,0,0,0,0,0,0,13,606,0,30,0,0,0,0,0,0,106,6,43,11,28,0,0,209,709,9,1,1419,0,0,0,100,81,0,20,0,0,0,0,0,0,0,0,209,0,0,0,2,0,50,4,0,0,59,13,1218,3,0,0,0,0,0,3,0,0,0,30,0,54,0,0,0,1,19,0,1,6,0,5,4,62,0,0,1,0,1,1,0,62,12,2,0,0,107,27,85,192,1,8,10,1,0,0,0,4,1,5,5,2,16,539,0,3,0,0,42,0,0,4,0,0,0,0,3,4,0,0,0,0,0,0,0,159,0,0,0,30,0,0,439,0,3,0,0,0,0,0,0,0,0,0,12,0,10,2,0,0,1,0,0,0,0,0,0,0,0,75,54,0,159,0,0,26,0,0,0,0,180,2,174,0,14,0,3,9,42,2,0,2,0,33,0,0,0,17,0,364,0,0,0,0,0,0,6,5,0,1,0,0,0,0,0,278,52,3,13,1,2,2,1,0,1324,0,3,15,36,3,6,0,29,0,0,0,25,0,0,2,0,0,9,7,133,17,1,2,63,4,0,0,0,4,0,0,12,0,0,0,0,0,0,39,0,1,0,0,155,75,0,13,0,0,2,0,0,
Sun May 18 12:00:05 2014,0,0,0,2,0,21,0,0,0,0,0,0,0,4,0,0,0,0,0,1,187,20,0,0,115,0,0,0,0,1,101,0,0,0,5,0,32,0,11,0,0,0,29,0,0,1,0,0,11,0,0,0,31,1,2,0,0,110,0,3,0,4,0,0,23,0,4,534,17,0,20,33,2,307,0,0,0,0,68,0,0,0,0,0,0,0,15,0,0,0,0,32,0,15,0,0,0,1,0,28,10,1,12,0,6,5,0,0,0,0,1,0,39,0,5,72,0,1,0,0,0,1,0,0,0,3,0,0,20,0,68,138,0,0,0,1,21,13,26,0,0,0,0,77,0,0,8,0,0,0,1506,0,10,14,0,12,2,0,0,0,0,0,0,0,0,0,0,0,0,1,0,0,15,0,0,0,0,0,0,237,0,0,1,32,0,0,36,0,0,0,0,0,7,0,0,4,0,0,5,0,0,0,1,57,97,3,0,0,8,0,0,0,3,0,0,0,0,0,0,4,48,0,0,0,5,10,33,0,2,76,3,293,40,0,0,75,0,0,11,0,1248,44,0,0,0,0,246,0,63,0,28,4,0,415,1,2,1,0,32,0,2,24,0,0,137,13,58,30,0,0,201,0,0,4,15,6,0,2,0,0,1,0,0,12,0,11,0,1,0,0,0,0,14,26,0,1,0,0,0,0,0,0,638,2,0,0,1,17,1,0,0,0,0,43,98,12,0,0,0,4,0,459,0,161,501,0,0,0,0,0,0,1,0,0,0,21,0,0,6,0,0,0,0,0,20,0,32,0,0,0,0,0,1,0,0,1,0,0,0,0,3,26,33,0,0,0,0,0,0,3,0,5,0,1,2,14,47,2,2,0,34,0,0,0,0,74,16,0,17,0,1,11,4,1,37,2,0,85,37,2,32,0,3,7,0,3,0,27,0,0,0,66,0,2,2,3,0,0,1,1,15,75,0,0,0,2,0,0,0,102,0,0,0,3,19,0,0,0,0,0,0,0,0,0,0,1,7,0,0,0,4,0,0,0,0,17,10,20,192,0,25,0,6,62,3,135,0,0,4,107,0,1,0,0,0,0,0,0,0,0,28,1,9,0,0,0,1,0,0,0,1,0,0,0,0,0,0,0,88,1,23,130,2,10,0,0,0,0,10,0,1,0,0,0,19,24,9,0,5,0,27,0,98,0,0,3,2,0,263,0,0,6,18,142,0,0,3,0,0,0,4,0,0,5,226,0,0,0,18,2,0,0,0,20,0,15,32,27,187,0,4,0,0,0,0,7,27,5,0,60,0,0,0,0,0,43,7,21,22,0,2,0,37,0,37,29,0,377,0,2,0,0,0,1,52,0,1,35,0,0,2,0,3,0,0,0,0,3,36,0,0,0,1,1,0,8,165,0,0,4,0,0,0,0,0,0,0,0,0,20,27,27,0,0,0,1,1,12,89,0,80,58,0,0,0,2,3,0,0,7,0,0,219,0,0,1,12,3,4,0,0,0,0,0,5,3,1,68,2,0,1,0,0,0,23,0,1,55,0,38,0,0,2,0,0,0,0,0,10,71,0,1,2457,175,0,18,0,1,0,0,57,0,0,32,0,0,0,138,0,0,0,0,0,0,0,0,0,11,0,6,14,15,0,0,0,5,3,6,1,1,0,0,1,0,3,5,0,0,2,0,2,0,0,0,0,0,33,0,3,0,13,0,43,0,0,140,0,8,0,0,0,0,0,548,1,0,14,8,0,0,330,671,0,0,14,0,1,55,82,0,0,14,1,0,0,0,0,0,7,0,1,3,2,0,0,7,0,1,0,0,0,3,0,0,1,0,4,0,0,12,0,0,0,6,0,3,44,2,0,0,0,0,0,21,0,385,0,0,0,0,20,0,81,3,0,2005,0,0,0,9,1,0,0,0,3,5,48,0,0,0,0,0,0,19,8,0,19,1,2,0,142,123,13,3,1,282,0,0,0,0,9,3,0,0,1,0,2,0,1,3,0,0,0,112,0,0,0,8,0,0,4,0,2,0,0,0,0,0,4,49,92,0,0,0,0,551,0,880,0,0,3,0,0,281,1,13,0,21,11,12,0,0,0,6,0,1,1,2,0,0,103,641,0,0,0,2,55,5,0,0,34,0,0,0,0,0,8,0,26,0,0,0,3,0,0,0,0,0,0,0,0,0,0,291,14,0,0,0,48,0,71,1,0,0,9,196,0,0,0,0,0,2,70,41,216,103,0,7,0,1,3,2,0,25,0,0,0,0,0,0,9,559,1,51,0,0,0,0,0,0,76,3,60,8,10,0,0,192,582,13,1,1065,0,0,0,78,74,0,14,0,0,0,0,0,0,0,0,186,0,0,0,0,0,29,0,0,0,48,7,977,2,0,0,0,0,0,3,0,0,0,25,0,36,0,0,0,0,20,0,0,13,0,3,16,30,0,0,0,0,0,1,0,36,27,0,0,0,66,12,93,175,0,15,0,4,0,1,0,1,2,10,13,0,7,358,0,0,0,0,33,9,0,4,0,0,0,6,7,7,0,0,0,3,0,0,0,134,0,0,0,23,0,0,377,0,6,0,0,0,0,0,0,0,0,0,20,0,2,1,0,0,2,0,0,0,0,0,0,0,0,88,34,0,181,0,0,27,0,0,0,0,145,1,94,0,7,0,1,8,88,2,0,3,0,20,0,0,0,14,0,240,0,0,1,0,0,0,18,3,0,0,0,0,0,0,0,202,54,0,14,5,0,0,11,0,925,0,6,15,18,3,20,1,47,2,0,0,22,0,0,5,0,0,8,9,139,16,0,2,39,5,0,0,0,4,0,0,12,0,0,0,0,0,0,22,0,1,0,0,116,119,0,21,0,0,7,0,0,
Mon May 19 12:00:05 2014,0,1,0,1,0,21,0,0,0,0,0,0,0,3,0,0,0,0,0,7,173,29,0,0,77,2,4,0,0,0,210,1,0,0,4,0,23,0,14,0,0,0,31,0,0,0,0,0,9,0,0,0,46,4,0,2,0,123,0,5,0,1,0,0,22,0,3,616,31,0,41,17,5,411,0,0,0,0,72,0,0,0,0,0,0,0,15,0,0,0,0,23,0,6,0,0,0,0,0,53,7,11,3,0,4,0,0,0,0,0,2,0,22,0,4,51,0,2,1,0,0,2,0,0,0,3,0,0,14,0,69,112,0,0,0,1,11,12,24,2,2,0,0,152,0,0,1,0,0,0,1578,0,14,32,0,12,5,0,0,0,0,0,0,0,0,0,0,0,0,0,0,0,6,0,10,0,0,0,0,182,0,1,2,36,0,1,24,0,0,0,0,1,20,0,2,0,0,0,0,0,0,0,6,35,121,6,0,0,3,0,0,2,4,0,0,0,0,0,0,1,45,4,0,0,10,14,13,0,2,121,19,339,31,0,0,125,0,0,5,0,1412,43,0,0,0,0,250,0,61,0,12,8,0,324,3,0,2,0,31,0,0,12,0,0,109,19,68,24,2,1,288,0,0,0,3,10,0,0,3,0,0,0,2,9,0,14,0,0,0,0,0,0,24,23,0,0,0,0,0,0,0,0,708,6,0,0,2,3,7,0,0,0,0,72,114,7,0,0,0,0,0,539,0,145,603,0,0,0,0,1,1,0,0,0,0,11,0,0,12,0,0,1,0,0,9,0,50,0,2,0,0,3,0,0,0,0,0,0,0,0,0,17,37,0,2,2,0,0,0,2,0,0,0,0,2,20,89,2,1,0,44,1,0,0,2,74,15,0,32,0,4,1,9,0,54,2,0,79,34,3,16,0,7,29,0,5,0,63,7,0,0,73,0,1,0,2,0,0,2,0,19,61,0,0,0,4,0,0,0,107,0,0,0,2,30,5,0,0,0,0,0,0,0,0,0,0,2,0,0,0,5,0,0,0,0,4,8,24,197,0,13,0,15,69,10,200,1,0,1,201,6,4,0,0,0,0,0,0,0,0,37,0,28,0,0,0,0,0,2,0,6,0,0,3,0,0,0,0,136,1,14,152,2,11,0,0,0,0,11,0,0,0,0,0,33,23,16,0,0,0,16,0,81,0,0,2,2,0,390,0,0,0,10,103,0,1,2,0,0,0,16,0,0,5,258,0,0,0,20,1,0,0,0,20,0,31,36,5,206,0,3,0,0,0,0,4,38,6,0,22,0,0,0,7,0,44,5,7,15,0,7,0,29,0,66,9,1,419,0,14,0,0,0,1,13,0,1,34,0,0,0,0,2,0,0,0,0,6,23,0,0,0,4,11,0,7,199,0,0,6,0,0,0,0,0,0,0,0,0,29,16,45,0,7,0,3,5,18,139,0,91,90,0,0,0,1,3,0,0,13,0,4,230,0,0,0,33,8,3,0,0,0,0,0,1,0,0,63,0,0,0,0,0,0,7,0,0,57,0,62,0,0,0,0,0,0,0,0,26,34,0,0,2565,203,0,35,0,0,0,0,28,0,0,43,0,0,2,144,0,0,0,0,0,0,2,0,0,9,0,4,19,19,0,0,0,3,2,7,1,6,0,0,0,0,2,10,0,0,0,0,2,0,0,0,0,0,54,3,1,0,1,0,32,0,0,69,0,12,0,4,0,0,0,574,3,0,17,8,0,0,286,671,0,0,14,0,6,55,101,0,0,6,2,0,0,0,0,0,6,0,5,4,5,0,0,11,0,0,0,6,0,2,0,0,5,0,2,0,0,9,0,0,10,1,0,8,66,3,0,0,0,0,0,17,0,357,0,0,0,0,7,0,105,8,1,2088,0,0,0,14,1,0,0,4,1,3,20,0,0,0,0,0,0,29,10,0,6,1,7,0,200,126,9,1,2,327,0,4,0,0,8,4,0,6,4,0,5,0,0,2,0,2,0,98,0,0,0,51,0,0,3,1,2,0,0,8,0,0,9,65,72,0,0,0,0,602,0,909,4,0,0,0,0,364,1,7,0,1,7,10,0,0,0,3,0,7,2,21,0,0,119,686,0,0,0,1,90,21,0,0,68,0,0,0,0,0,2,0,33,0,0,0,4,0,0,0,0,0,0,0,1,0,0,419,7,0,11,0,40,0,101,4,0,0,1,151,0,0,0,0,0,5,92,45,260,73,0,8,0,7,2,3,0,23,1,0,0,0,1,0,14,517,0,34,0,0,0,0,0,0,71,5,55,9,6,0,0,199,614,3,0,1179,0,0,0,107,67,0,23,0,0,0,0,0,0,0,0,201,0,0,0,2,0,41,0,0,1,76,29,1074,4,0,0,0,0,0,3,0,0,0,12,0,26,0,0,0,0,26,0,6,7,0,0,11,56,0,0,0,0,1,0,0,40,12,2,0,0,80,24,117,161,0,9,28,8,0,0,0,2,2,6,8,10,11,389,0,1,0,0,36,0,0,9,0,0,0,1,0,1,0,0,0,1,0,0,0,140,0,0,3,15,0,0,382,0,5,0,0,3,0,0,0,0,0,0,18,0,7,2,0,0,2,0,0,0,0,0,0,0,0,78,32,0,160,0,0,21,0,0,0,0,123,10,119,0,6,0,3,22,55,4,0,2,0,39,0,0,0,13,0,230,0,0,0,0,0,0,5,3,1,0,0,0,0,1,0,180,35,0,16,1,0,1,0,0,997,1,1,8,26,0,7,0,36,0,0,0,14,0,0,3,0,0,13,7,127,30,0,1,48,9,0,0,0,4,0,0,9,0,0,0,0,0,0,34,0,1,0,0,109,69,0,31,0,0,16,0,0,
Tue May 20 12:00:05 2014,0,0,0,3,0,18,0,0,0,0,1,0,0,5,0,0,0,0,0,2,212,21,0,8,99,1,2,0,0,0,140,0,0,2,10,0,22,0,10,0,0,0,34,0,0,1,0,0,9,0,0,0,63,0,0,0,0,66,0,2,0,2,0,0,25,0,4,554,12,0,25,18,0,332,0,0,0,0,45,0,0,0,0,0,0,0,9,0,0,0,0,36,0,10,0,0,0,3,0,67,13,3,0,0,7,5,0,0,0,0,0,0,46,0,4,59,0,1,0,0,0,11,0,0,0,11,0,0,13,0,51,141,0,0,0,0,20,23,14,0,0,0,0,116,0,0,4,0,0,0,1574,0,11,6,0,15,5,0,0,0,0,0,0,0,0,0,0,0,2,4,0,0,15,2,4,0,0,0,0,159,0,0,1,29,0,11,55,0,0,0,0,1,8,0,2,0,0,0,2,0,0,0,14,64,96,4,0,0,3,0,0,0,3,0,0,3,0,0,0,3,55,0,0,0,20,8,6,0,3,83,9,365,49,0,0,88,0,0,12,0,1292,41,0,0,0,0,240,0,49,0,30,4,0,393,0,10,5,0,67,0,1,24,0,0,116,11,61,30,3,0,257,0,0,0,5,6,0,1,0,0,1,0,0,13,0,22,0,0,0,0,0,0,44,20,0,0,0,0,0,0,0,0,771,4,0,0,0,6,2,0,0,0,0,57,125,8,0,0,0,0,0,540,0,176,657,0,0,0,0,0,0,1,0,0,0,6,0,0,5,0,0,0,0,0,37,0,55,0,4,0,0,0,5,0,0,1,0,0,0,0,5,33,34,0,0,2,1,0,0,3,0,2,0,1,4,10,43,1,3,0,23,0,0,0,0,94,21,0,33,0,5,1,5,1,51,3,0,72,34,0,25,0,2,7,0,3,0,50,0,0,0,72,0,3,0,0,0,0,1,0,16,55,0,0,0,10,0,0,0,120,0,0,0,6,29,0,1,0,0,0,0,0,0,0,0,0,2,0,0,0,4,0,0,0,0,20,6,13,230,0,14,0,8,92,5,246,0,0,3,145,1,1,1,0,0,0,0,0,0,0,22,0,35,0,0,0,0,0,1,0,3,0,0,11,0,0,0,0,126,2,32,138,9,10,0,1,0,0,9,0,1,0,0,0,35,11,22,0,1,0,11,0,56,2,0,2,4,2,480,0,0,0,11,97,0,1,1,0,0,0,10,0,0,1,221,0,0,0,11,0,0,0,0,21,0,18,27,11,215,1,4,0,0,0,0,12,37,1,0,49,0,0,0,0,0,61,14,10,31,0,2,0,36,0,35,11,0,479,0,0,0,0,0,0,55,0,0,46,0,0,11,0,3,0,0,0,0,6,30,0,0,0,2,3,0,9,183,0,0,14,0,0,0,0,0,0,0,0,0,22,20,19,0,4,0,3,4,16,111,0,91,60,0,0,0,2,2,0,0,13,0,2,215,6,0,1,10,8,0,0,0,0,0,0,5,2,0,67,0,0,0,0,0,0,8,0,5,75,0,38,0,0,1,0,0,0,0,0,12,33,0,2,2902,216,0,36,0,2,0,0,40,0,0,29,0,0,0,105,0,0,0,0,0,0,0,0,0,14,0,5,20,26,0,0,0,1,4,2,2,18,0,0,0,0,6,4,0,2,5,0,6,0,0,0,0,0,30,0,1,0,22,0,64,0,0,90,0,23,0,18,0,0,2,448,3,0,19,1,0,2,317,673,0,0,23,0,0,46,96,0,0,10,0,0,0,0,0,0,14,0,2,9,3,0,0,9,0,0,0,11,0,0,0,0,10,0,3,0,0,10,0,0,0,8,0,1,59,2,0,0,0,0,0,28,0,388,0,3,0,0,22,0,84,2,3,2070,0,0,0,11,0,0,0,1,1,2,21,0,0,0,0,0,0,30,2,0,27,2,6,0,201,115,14,0,0,332,0,7,0,1,4,11,0,2,8,0,0,0,4,1,0,2,0,94,0,0,1,19,0,0,0,0,9,0,2,0,0,0,5,80,75,0,0,0,0,811,0,835,2,0,0,0,0,265,1,17,0,11,3,9,0,0,0,4,0,0,2,9,0,0,90,649,0,0,0,9,94,4,0,0,46,0,0,0,0,0,10,0,19,0,0,0,0,0,0,0,0,0,0,0,0,0,0,341,14,0,6,0,59,0,57,2,0,0,3,161,0,0,1,0,0,0,98,67,228,83,0,4,0,9,2,7,0,38,1,0,0,0,0,0,15,546,0,36,0,0,1,0,0,0,72,0,51,11,10,0,0,243,710,4,0,1286,0,0,0,85,83,0,29,0,0,0,0,0,0,0,0,178,0,0,0,0,0,35,3,0,0,45,14,1048,4,8,0,0,0,0,3,0,0,0,34,0,31,0,0,0,2,38,0,3,12,0,0,14,50,0,0,0,0,1,0,0,64,3,1,0,0,125,24,109,114,2,10,2,4,0,0,0,4,0,6,13,1,20,381,0,4,0,0,37,0,0,5,0,0,2,0,1,5,0,0,0,2,0,0,0,176,0,0,0,31,0,0,362,0,19,0,0,6,0,0,0,0,0,0,12,0,4,4,0,0,0,0,0,0,0,0,0,0,0,70,53,0,179,0,0,26,0,0,0,0,161,1,139,0,6,0,12,7,36,1,0,0,0,28,0,0,0,10,0,371,0,0,0,0,0,7,4,2,0,0,0,0,0,0,0,241,49,3,21,3,0,0,0,0,996,0,4,27,30,4,13,1,21,1,0,0,26,0,2,4,0,0,7,12,143,22,0,0,38,5,0,0,0,5,0,0,7,1,0,0,0,0,0,39,0,0,0,0,124,80,0,14,0,0,5,0,0,
Wed May 21 12:00:04 2014,0,2,0,2,0,21,0,0,0,0,1,0,0,3,0,0,0,0,0,3,172,24,2,5,93,0,0,0,0,3,152,2,0,0,3,0,32,0,18,0,0,0,19,0,0,0,0,0,1,0,0,0,47,3,2,0,0,128,0,3,0,4,0,0,28,0,2,602,26,0,34,29,4,269,0,0,0,0,98,0,0,0,0,0,0,0,4,0,0,0,0,34,0,14,0,0,0,1,0,51,9,5,5,0,4,0,0,0,0,0,1,0,28,0,4,69,0,0,3,0,0,4,0,0,0,7,1,0,12,0,75,86,0,0,0,0,11,25,29,0,0,0,0,175,0,0,5,0,0,0,1579,0,5,16,0,11,2,0,0,0,0,0,0,0,0,0,0,0,0,3,0,0,4,0,10,0,0,0,0,273,0,0,3,41,0,2,31,0,0,0,0,0,17,0,2,1,0,1,0,0,0,0,6,73,129,25,0,0,11,0,0,0,5,0,0,0,0,0,0,3,62,31,0,0,14,19,16,0,1,121,7,353,46,0,0,99,0,0,3,0,1374,53,0,0,0,0,272,0,63,0,10,6,0,382,0,4,3,0,38,1,0,17,0,0,104,22,74,36,1,0,250,0,0,1,11,7,0,7,0,0,2,0,0,14,0,26,0,3,0,0,0,0,18,20,0,2,0,0,0,0,0,0,672,9,0,0,2,4,2,0,0,0,0,47,122,31,1,0,1,1,0,461,0,168,651,0,0,0,0,0,0,0,0,0,0,21,0,0,33,0,0,1,0,1,8,0,41,0,0,0,0,1,1,0,0,1,0,0,0,0,4,8,43,0,0,1,3,0,1,2,0,1,0,1,5,7,74,1,0,0,25,1,0,0,1,77,4,0,36,0,3,0,3,0,19,2,0,74,26,3,13,0,19,9,0,6,0,58,5,0,0,54,0,4,3,0,0,0,3,0,18,60,0,0,0,4,0,0,0,107,0,0,0,4,24,0,0,0,0,0,0,0,0,0,0,0,3,0,0,0,10,0,0,0,0,13,9,14,197,0,18,0,10,58,7,184,0,1,3,249,4,1,0,0,0,0,0,0,0,0,22,0,31,0,0,0,1,0,0,0,6,0,0,0,0,0,0,0,142,3,10,127,5,14,0,1,0,0,11,0,1,0,0,0,44,19,26,0,0,0,42,0,128,0,0,1,6,0,449,0,0,0,6,152,0,0,3,0,0,0,8,0,0,1,242,0,0,0,16,2,0,0,0,17,0,22,46,18,154,4,4,2,0,0,0,8,36,0,0,22,0,0,0,7,0,68,7,6,19,0,6,0,12,0,35,30,2,399,0,3,0,0,0,0,21,0,0,54,0,0,3,0,6,0,0,0,0,1,38,0,0,0,1,1,0,4,240,0,0,8,0,0,0,0,0,0,0,0,0,17,25,32,0,0,0,3,6,21,149,0,73,67,0,0,0,2,3,0,0,16,0,3,212,4,0,0,20,5,2,0,0,0,0,0,1,7,2,78,0,0,0,0,0,0,10,0,0,55,0,61,0,0,3,0,0,0,0,0,13,46,0,1,2911,184,0,32,0,1,0,0,54,0,0,41,0,0,1,114,0,0,0,0,0,0,1,0,0,13,0,5,8,23,0,0,0,1,2,2,4,5,0,0,0,0,1,13,0,1,0,0,9,0,0,0,0,0,37,0,0,1,10,0,45,0,0,126,0,13,0,10,0,0,1,753,0,0,13,9,0,1,245,717,0,0,10,0,2,58,97,0,0,5,2,0,0,0,0,0,8,0,2,8,0,0,0,11,0,3,0,6,0,3,0,0,2,0,2,0,0,6,0,0,2,3,0,2,69,3,0,0,0,0,0,55,0,325,0,0,1,0,16,0,101,1,4,2072,0,0,0,13,0,0,0,0,3,3,49,0,0,0,0,0,0,25,7,0,5,3,3,0,185,166,13,5,0,329,0,0,0,0,6,6,0,3,1,0,4,0,5,3,0,1,0,128,0,0,0,22,0,0,2,1,2,0,0,0,0,0,4,68,109,0,0,0,0,650,0,748,2,0,5,0,0,305,8,10,0,13,4,5,0,0,0,1,0,2,3,9,0,0,119,639,0,0,0,5,64,3,0,0,60,0,0,0,0,0,5,0,13,0,0,0,1,0,0,0,0,0,0,0,2,0,0,404,20,0,2,0,54,0,81,1,0,0,1,177,0,0,0,0,0,4,113,43,229,76,0,9,0,3,2,3,0,22,5,0,0,0,0,0,26,564,0,29,0,0,0,0,0,0,77,1,49,14,14,0,0,235,745,13,1,1175,0,0,0,93,60,0,7,0,0,0,0,0,0,0,0,147,0,0,0,2,0,28,0,0,1,77,11,1024,5,0,0,0,0,0,3,0,0,0,16,0,57,0,0,0,1,15,0,4,6,0,0,10,57,0,0,0,0,0,0,0,43,21,3,0,0,101,26,106,287,1,6,10,3,0,1,0,1,1,7,8,8,12,376,0,0,5,0,32,0,0,5,0,0,0,0,1,8,0,0,0,1,0,0,0,119,0,0,0,20,0,0,369,0,7,0,0,2,0,0,0,0,0,0,13,0,3,3,0,0,0,0,5,0,0,0,0,0,0,99,31,0,149,0,0,29,0,0,0,0,142,4,107,0,4,0,6,11,59,3,0,1,0,41,0,0,0,9,0,213,0,0,0,0,0,1,4,6,1,0,0,0,0,0,0,186,32,2,5,0,0,2,0,0,1099,2,3,17,23,0,35,1,34,0,0,0,22,0,0,1,0,0,11,16,117,20,1,0,35,3,0,0,0,1,0,0,11,0,0,0,0,0,0,33,0,1,0,0,151,95,0,38,0,0,7,0,0,
Thu May 22 12:00:05 2014,0,0,0,2,0,17,0,0,0,0,1,0,0,2,0,0,0,0,0,10,232,23,0,1,82,0,2,0,0,1,159,0,0,0,7,2,28,0,12,0,0,0,37,0,0,0,0,0,7,0,0,0,39,0,1,0,0,100,0,3,0,1,0,0,23,0,3,589,26,0,22,35,5,411,0,0,0,0,43,0,0,0,0,0,0,0,10,0,0,0,0,31,0,7,0,0,0,0,0,47,17,8,1,0,1,4,0,0,0,0,2,0,59,0,0,82,0,0,2,0,0,3,0,0,0,2,0,0,21,0,71,122,0,0,0,0,19,18,15,3,0,0,0,131,0,0,4,0,0,0,1626,0,9,14,0,13,8,0,0,0,0,0,2,0,0,0,0,0,0,0,0,0,8,2,2,0,0,0,0,171,0,2,2,29,0,7,51,0,0,0,0,0,13,0,0,4,0,0,7,0,0,0,18,38,100,5,0,0,6,0,0,0,2,0,0,0,0,0,0,0,51,0,0,0,10,13,17,0,3,90,5,324,45,0,0,91,0,0,11,0,1529,41,0,0,0,0,228,0,61,0,21,3,0,319,0,1,6,0,61,0,0,12,0,0,118,13,53,33,0,0,246,0,0,1,8,5,0,3,3,0,1,0,0,5,0,22,2,0,0,0,0,0,39,19,0,3,0,0,0,0,0,0,839,5,0,0,2,10,10,0,0,0,0,62,116,5,5,0,0,1,0,483,0,276,637,0,0,0,0,2,0,1,0,0,0,13,0,0,9,0,0,0,0,0,15,0,54,0,4,0,0,1,0,0,0,0,0,0,0,0,6,50,24,0,2,0,0,0,0,2,0,2,0,0,3,14,63,0,0,0,31,0,0,0,0,55,20,0,64,0,1,0,8,1,38,0,0,65,37,2,28,0,5,9,0,4,0,69,1,0,0,54,0,0,4,1,0,3,5,0,19,115,0,0,0,1,0,0,0,116,0,0,0,5,25,2,0,0,0,0,0,0,0,0,0,0,2,0,0,0,5,0,0,0,0,1,4,14,153,0,24,0,0,50,4,276,0,0,2,123,0,6,0,0,0,0,0,0,0,0,40,0,41,0,0,0,0,0,0,0,6,0,0,0,0,0,0,4,116,0,39,139,0,13,0,0,0,0,9,0,1,0,0,0,34,20,13,0,0,0,17,0,81,1,0,1,8,0,413,0,0,0,11,99,0,0,4,0,0,0,12,0,0,5,291,0,0,0,10,5,0,0,0,21,0,37,40,14,242,1,3,0,0,0,0,13,59,0,0,23,0,0,0,0,0,77,11,22,25,0,1,0,44,0,28,12,0,380,0,4,0,0,0,0,63,0,0,51,0,0,6,0,5,0,0,0,0,11,30,2,0,0,2,1,0,6,242,0,0,5,0,0,0,0,0,0,0,0,0,28,10,28,0,4,0,4,6,18,96,0,76,89,0,0,0,2,2,0,0,9,0,0,210,0,0,1,9,10,3,0,0,0,0,0,1,4,0,85,2,0,0,0,0,0,16,0,3,60,0,46,0,0,1,0,0,0,0,0,11,40,0,1,2664,282,0,45,0,2,0,0,38,0,0,28,0,0,0,113,0,0,0,0,0,0,0,0,0,12,0,19,22,21,0,0,0,4,1,5,2,1,0,0,0,0,5,7,0,0,0,0,3,0,0,0,0,0,44,0,1,0,6,0,57,0,0,85,0,18,0,1,0,0,0,432,1,0,12,12,0,2,295,561,0,0,9,1,4,97,69,0,0,12,9,0,0,0,0,0,8,0,1,5,7,0,0,8,0,2,0,10,0,3,0,0,13,0,2,0,0,6,0,0,10,2,0,5,42,2,0,0,0,0,0,26,0,385,0,0,0,0,24,0,81,2,0,2182,0,0,0,16,1,0,0,2,2,1,41,0,0,0,0,0,0,33,6,0,11,1,3,0,158,123,13,0,1,295,0,10,0,0,8,1,0,4,4,0,1,0,1,1,0,2,0,104,0,0,0,34,0,0,2,0,5,0,0,0,0,0,5,55,58,0,0,0,0,773,0,950,4,0,0,0,0,307,1,17,0,28,14,5,0,0,0,4,0,2,3,4,0,0,87,617,0,0,0,1,107,6,0,0,48,0,0,0,0,0,5,0,24,0,0,0,1,0,0,0,0,0,0,0,0,0,0,360,10,0,10,0,56,1,71,2,0,0,2,172,0,0,0,0,0,0,97,43,218,93,0,3,0,0,3,1,0,26,2,0,0,0,2,0,10,532,0,33,0,0,0,0,0,0,87,0,44,6,10,0,0,223,624,6,4,1334,0,0,0,78,71,0,14,0,0,0,0,0,0,0,0,158,0,0,1,2,0,33,1,0,1,56,17,943,0,0,0,0,0,0,6,0,0,0,16,0,25,0,0,0,0,26,0,2,8,0,0,18,27,0,0,0,0,1,4,0,44,21,1,0,0,68,34,70,119,2,17,5,2,0,1,0,5,1,11,10,5,18,479,0,1,7,0,63,7,0,1,0,0,0,0,1,5,0,0,0,1,0,0,0,190,6,0,2,43,0,0,411,0,2,0,0,1,0,0,0,0,0,0,22,0,6,4,0,0,3,0,0,0,0,0,0,0,0,129,34,0,146,0,0,21,0,0,0,1,137,2,111,0,9,0,2,12,34,1,0,1,0,47,0,0,0,20,0,298,0,0,0,0,0,0,5,2,0,0,0,0,0,0,0,154,51,0,8,1,2,0,5,0,1137,0,3,6,34,0,11,1,44,0,0,0,23,0,1,5,0,0,7,6,116,18,0,1,52,2,0,0,1,1,0,0,1,1,0,0,0,0,0,22,0,1,0,0,104,83,0,35,0,0,10,0,0,
Fri May 23 12:00:05 2014,0,0,0,8,0,26,0,0,0,0,1,0,0,8,0,0,0,0,0,2,165,21,0,5,105,3,5,0,0,0,182,2,0,0,13,1,21,0,12,0,0,0,36,0,0,1,0,0,9,0,0,0,77,9,0,0,0,97,0,3,0,0,0,0,21,0,4,490,26,0,30,7,3,297,0,0,0,0,43,0,0,0,0,0,0,0,5,0,0,0,0,30,0,7,0,0,0,2,0,60,7,1,4,0,16,0,0,0,0,0,3,0,35,0,8,63,0,0,0,0,0,7,0,0,0,16,0,0,17,0,76,116,0,0,0,3,15,10,9,1,0,0,0,172,0,0,6,0,4,0,1576,0,6,23,1,13,5,0,0,0,0,0,2,0,0,0,0,0,2,0,1,0,10,2,4,0,0,0,0,145,0,0,1,24,0,0,47,0,0,0,0,0,18,0,2,1,0,0,0,0,0,0,3,57,104,10,0,0,5,0,0,3,13,0,0,3,0,0,0,3,46,21,0,0,14,12,13,0,3,122,2,325,28,0,0,86,0,0,10,0,1358,43,0,0,0,0,302,0,63,0,15,5,0,369,0,5,3,0,34,0,0,32,0,0,91,26,87,32,1,2,264,0,0,0,2,2,0,3,0,0,0,0,7,6,0,19,3,1,0,0,0,1,21,20,0,0,0,0,0,0,0,0,720,7,0,0,1,2,2,0,0,0,0,48,148,3,0,0,0,1,0,552,0,104,546,0,0,0,0,0,0,0,0,0,0,18,0,0,9,0,0,1,0,0,17,0,39,0,6,0,0,1,5,0,0,2,0,0,0,0,5,28,51,0,0,1,2,0,0,7,0,4,0,1,2,15,51,1,0,0,26,0,0,0,2,78,8,0,27,0,2,1,11,0,20,1,0,71,47,2,27,0,1,13,0,8,0,68,1,0,0,59,0,4,0,1,0,0,4,0,18,74,0,0,0,2,0,0,0,137,0,0,0,2,26,0,0,0,0,0,0,0,0,0,0,1,2,0,0,0,4,0,0,0,0,2,20,21,199,0,11,0,9,39,12,185,2,0,2,136,1,3,0,0,0,0,0,0,0,0,18,0,28,0,0,0,0,0,0,0,5,0,0,0,0,0,0,0,83,2,8,200,1,12,0,0,0,0,13,0,1,0,0,0,36,13,19,0,0,0,14,0,68,2,0,1,5,1,384,0,0,11,4,135,0,0,2,0,0,0,6,0,0,0,239,0,0,0,15,2,0,0,0,6,0,26,37,12,251,1,5,0,0,0,0,6,41,7,0,54,0,0,0,1,0,53,18,6,16,0,4,0,16,0,20,17,0,398,0,4,0,0,0,3,10,0,0,37,0,0,5,0,6,0,0,0,0,3,38,0,0,0,1,3,0,4,291,0,0,10,0,0,0,0,0,0,0,0,0,26,20,31,0,4,0,3,2,11,105,0,71,75,0,0,0,2,2,0,0,10,0,4,198,9,0,0,20,11,2,0,0,0,0,0,3,3,0,65,1,0,0,0,0,0,12,0,0,56,0,47,0,0,1,0,0,0,0,0,16,53,0,2,2733,224,0,23,0,3,0,0,47,0,2,49,0,0,1,131,0,0,0,0,0,0,0,0,0,8,0,4,13,16,0,0,0,5,2,1,1,2,0,0,1,0,4,5,0,0,1,0,6,0,0,0,0,1,51,1,0,0,19,0,50,0,0,94,0,6,0,17,0,0,1,595,0,0,28,4,0,2,310,684,0,0,15,2,1,43,83,0,0,12,2,0,0,0,0,0,8,0,3,10,3,0,0,2,0,6,0,9,0,3,0,0,1,0,2,0,0,12,0,0,0,7,0,4,57,3,0,0,0,0,0,22,0,320,0,3,1,0,17,0,102,0,2,2167,0,0,0,7,0,0,0,1,0,3,28,0,0,0,0,0,0,29,5,0,17,0,2,0,210,96,6,3,2,383,0,1,0,0,2,1,0,0,3,0,1,0,5,6,0,2,0,105,0,0,0,16,0,0,0,0,8,0,4,1,0,0,7,84,69,0,0,0,0,664,0,727,3,0,0,0,0,228,0,4,0,12,7,5,0,0,0,1,0,2,3,13,0,0,101,683,0,0,0,0,80,20,0,0,41,0,0,0,0,0,0,0,13,0,0,0,4,0,0,0,0,0,0,0,0,0,0,335,16,0,8,0,60,0,101,0,0,0,7,152,0,0,0,0,0,0,126,38,253,94,0,7,0,0,3,2,0,29,3,0,0,0,0,0,18,503,0,23,0,0,0,0,0,0,81,1,68,8,10,0,0,222,670,5,3,1162,0,0,0,91,79,0,28,0,0,0,0,0,0,0,0,183,0,0,0,0,0,42,1,0,0,66,5,1066,2,1,3,0,0,0,2,0,0,0,13,0,50,0,0,0,0,18,0,8,25,0,1,6,50,0,0,0,0,1,3,0,36,32,3,0,0,83,31,143,173,0,17,24,11,0,0,0,2,1,13,7,5,8,434,0,2,0,0,42,0,0,1,0,0,0,0,0,4,0,0,0,1,0,0,0,125,0,0,0,23,0,0,354,0,4,0,0,0,0,0,0,0,0,0,9,0,2,4,0,0,1,0,0,0,0,0,0,2,0,93,42,0,123,0,0,19,0,0,0,0,137,2,100,0,4,0,4,5,44,2,0,0,0,34,0,0,0,8,0,289,0,0,0,0,0,0,8,4,0,0,0,0,0,0,0,211,25,2,20,0,1,0,0,0,1150,0,4,12,33,1,9,0,32,0,0,0,29,0,1,1,0,0,8,5,128,16,0,0,45,0,0,0,1,2,0,0,9,0,0,0,0,0,0,33,0,0,0,0,122,102,0,38,0,0,7,0,0,
